Page total likes;Type;Post Month;Post Weekday;Post Hour;Paid;Lifetime Post Total Reach;Lifetime Engaged Users;comment;like;share;Total Interactions
81370;Photo;1;4;4;;4188;564;0;90;14;104
81370;Photo;1;4;11;0;4156;626;4;79;17;100
81370;Photo;1;5;2;0;3778;625;5;137;10;152
81370;Photo;1;5;8;0;3480;537;0;66;14;80
81370;Photo;1;5;4;;4188;564;0;90;14;104
81370;Photo;1;4;11;0;4156;626;4;79;17;100
81370;Photo;1;5;2;0;3778;625;5;137;10;152
81370;Photo;1;5;8;0;3480;537;0;66;14;80
81370;Photo;1;4;11;;4188;564;0;90;14;104
81370;Photo;1;4;11;0;4156;626;4;79;17;100
81370;Photo;1;5;2;0;3778;625;5;137;10;152
81370;Photo;1;5;8;0;3480;537;0;66;14;80
81370;Photo;1;5;5;;4188;564;0;90;14;104
81370;Photo;1;4;11;0;4156;626;4;79;17;100
81370;Photo;1;5;2;0;3778;625;5;137;10;152
81370;Photo;1;5;8;0;3480;537;0;66;14;80
85093;Photo;1;1;2;0;8412;1179;19;325;49;393
85093;Photo;1;7;10;0;5400;810;3;113;26;142
85093;Photo;1;7;2;0;4684;733;0;88;18;106
85093;Photo;1;1;2;0;8412;1179;19;325;49;393
85093;Photo;1;7;10;0;5400;810;3;113;26;142
85093;Photo;1;7;2;0;4684;733;0;88;18;106
85093;Photo;1;1;2;0;8412;1179;19;325;49;393
85093;Photo;1;7;10;0;5400;810;3;113;26;142
85093;Photo;1;7;2;0;4684;733;0;88;18;106
85093;Photo;1;1;2;0;8412;1179;19;325;49;393
85093;Photo;1;7;10;0;5400;810;3;113;26;142
85093;Photo;1;7;2;0;4684;733;0;88;18;106
85979;Link;1;5;11;0;45920;753;58;1572;147;1777
85979;Photo;1;7;10;0;9700;1407;0;233;19;252
85979;Photo;1;6;3;1;6184;956;0;325;14;339
85979;Photo;1;6;11;0;5280;951;0;161;31;192
85979;Photo;1;1;12;0;5034;1020;3;249;27;279
85979;Photo;1;1;2;0;4908;957;1;152;33;186
85979;Photo;1;7;2;0;4800;975;5;130;29;164
85979;Link;1;5;11;0;45920;753;58;1572;147;1777
85979;Photo;1;7;10;0;9700;1407;0;233;19;252
85979;Photo;1;6;3;1;6184;956;0;325;14;339
85979;Photo;1;6;11;0;5280;951;0;161;31;192
85979;Photo;1;1;12;0;5034;1020;3;249;27;279
85979;Photo;1;1;2;0;4908;957;1;152;33;186
85979;Photo;1;7;2;0;4800;975;5;130;29;164
85979;Link;1;5;11;0;45920;753;58;1572;147;1777
85979;Photo;1;7;10;0;9700;1407;0;233;19;252
85979;Photo;1;6;3;1;6184;956;0;325;14;339
85979;Photo;1;6;11;0;5280;951;0;161;31;192
85979;Photo;1;1;12;0;5034;1020;3;249;27;279
85979;Photo;1;1;2;0;4908;957;1;152;33;186
85979;Photo;1;7;2;0;4800;975;5;130;29;164
85979;Link;1;5;11;0;45920;753;58;1572;147;1777
85979;Photo;1;7;10;0;9700;1407;0;233;19;252
85979;Photo;1;6;3;1;6184;956;0;325;14;339
85979;Photo;1;6;11;0;5280;951;0;161;31;192
85979;Photo;1;1;12;0;5034;1020;3;249;27;279
85979;Photo;1;1;2;0;4908;957;1;152;33;186
85979;Photo;1;7;2;0;4800;975;5;130;29;164
86491;Photo;1;3;10;0;66784;2969;2;56;17;75
86491;Photo;1;3;3;0;5526;1096;1;44;14;59
86491;Link;1;2;2;0;5168;66;4;98;23;125
86491;Photo;1;2;7;0;5040;1062;0;96;17;113
86491;Link;1;4;4;1;4938;66;1;27;11;39
86491;Photo;1;3;10;0;66784;2969;2;56;17;75
86491;Photo;1;3;3;0;5526;1096;1;44;14;59
86491;Link;1;2;2;0;5168;66;4;98;23;125
86491;Photo;1;2;7;0;5040;1062;0;96;17;113
86491;Link;1;4;4;1;4938;66;1;27;11;39
86491;Photo;1;3;10;0;66784;2969;2;56;17;75
86491;Photo;1;3;3;0;5526;1096;1;44;14;59
86491;Link;1;2;2;0;5168;66;4;98;23;125
86491;Photo;1;2;7;0;5040;1062;0;96;17;113
86491;Link;1;4;4;1;4938;66;1;27;11;39
86491;Photo;1;3;10;0;66784;2969;2;56;17;75
86491;Photo;1;3;3;0;5526;1096;1;44;14;59
86491;Link;1;2;2;0;5168;66;4;98;23;125
86491;Photo;1;2;7;0;5040;1062;0;96;17;113
86491;Link;1;4;4;1;4938;66;1;27;11;39
86909;Link;1;6;4;0;39600;572;11;227;31;269
86909;Photo;1;6;10;1;37088;2728;7;216;39;262
86909;Photo;1;4;11;0;11484;1762;36;523;63;622
86909;Photo;1;5;4;0;6056;1117;2;155;47;204
86909;Photo;1;6;16;1;5754;1179;33;107;22;162
86909;Photo;1;5;13;0;5536;1141;6;172;21;199
86909;Link;1;6;4;0;39600;572;11;227;31;269
86909;Photo;1;6;10;1;37088;2728;7;216;39;262
86909;Photo;1;4;11;0;11484;1762;36;523;63;622
86909;Photo;1;5;4;0;6056;1117;2;155;47;204
86909;Photo;1;6;16;1;5754;1179;33;107;22;162
86909;Photo;1;5;13;0;5536;1141;6;172;21;199
86909;Link;1;6;4;0;39600;572;11;227;31;269
86909;Photo;1;6;10;1;37088;2728;7;216;39;262
86909;Photo;1;4;11;0;11484;1762;36;523;63;622
86909;Photo;1;5;4;0;6056;1117;2;155;47;204
86909;Photo;1;6;16;1;5754;1179;33;107;22;162
86909;Photo;1;5;13;0;5536;1141;6;172;21;199
86909;Link;1;6;4;0;39600;572;11;227;31;269
86909;Photo;1;6;10;1;37088;2728;7;216;39;262
86909;Photo;1;4;11;0;11484;1762;36;523;63;622
86909;Photo;1;5;4;0;6056;1117;2;155;47;204
86909;Photo;1;6;16;1;5754;1179;33;107;22;162
86909;Photo;1;5;13;0;5536;1141;6;172;21;199
91009;Photo;2;1;12;0;21928;1512;6;187;18;211
91009;Photo;2;1;12;0;21928;1512;6;187;18;211
91009;Photo;2;1;12;0;21928;1512;6;187;18;211
91009;Photo;2;1;12;0;21928;1512;6;187;18;211
91116;Photo;2;2;4;1;7132;1004;16;76;8;100
91116;Photo;2;2;4;1;7132;1004;16;76;8;100
91116;Photo;2;2;4;1;7132;1004;16;76;8;100
91116;Photo;2;2;4;1;7132;1004;16;76;8;100
91223;Photo;2;2;13;0;5240;857;18;143;13;174
91223;Photo;2;2;13;0;5240;857;18;143;13;174
91223;Photo;2;2;13;0;5240;857;18;143;13;174
91223;Photo;2;2;13;0;5240;857;18;143;13;174
91330;Photo;2;3;3;0;7732;1066;0;100;17;117
91330;Photo;2;3;3;0;7732;1066;0;100;17;117
91330;Photo;2;3;3;0;7732;1066;0;100;17;117
91330;Photo;2;3;3;0;7732;1066;0;100;17;117
91437;Link;2;3;13;0;9356;448;0;88;18;106
91437;Link;2;3;13;0;9356;448;0;88;18;106
91437;Link;2;3;13;0;9356;448;0;88;18;106
91437;Link;2;3;13;0;9356;448;0;88;18;106
91544;Photo;2;4;3;0;9528;1245;10;412;72;494
91544;Photo;2;4;3;0;9528;1245;10;412;72;494
91544;Photo;2;4;3;0;9528;1245;10;412;72;494
91544;Photo;2;4;3;0;9528;1245;10;412;72;494
91651;Photo;2;4;12;0;15288;1573;0;0;0;0
91651;Photo;2;4;12;0;15288;1573;0;0;0;0
91651;Photo;2;4;12;0;15288;1573;0;0;0;0
91651;Photo;2;4;12;0;15288;1573;0;0;0;0
91758;Photo;2;5;3;1;15880;1188;0;34;8;42
91758;Photo;2;5;3;1;15880;1188;0;34;8;42
91758;Photo;2;5;3;1;15880;1188;0;34;8;42
91758;Photo;2;5;3;1;15880;1188;0;34;8;42
91865;Photo;2;5;13;1;4840;949;2;40;12;54
91865;Photo;2;5;13;1;4840;949;2;40;12;54
91865;Photo;2;5;13;1;4840;949;2;40;12;54
91865;Photo;2;5;13;1;4840;949;2;40;12;54
91972;Photo;2;6;3;0;6484;1166;0;72;24;96
91972;Photo;2;6;3;0;6484;1166;0;72;24;96
91972;Photo;2;6;3;0;6484;1166;0;72;24;96
91972;Photo;2;6;3;0;6484;1166;0;72;24;96
92079;Photo;2;6;13;0;158208;2482;3;66;12;81
92079;Photo;2;6;13;0;158208;2482;3;66;12;81
92079;Photo;2;6;13;0;158208;2482;3;66;12;81
92079;Photo;2;6;13;0;158208;2482;3;66;12;81
92186;Photo;2;7;2;1;153536;1713;0;16;2;18
92186;Photo;2;7;2;1;153536;1713;0;16;2;18
92186;Photo;2;7;2;1;153536;1713;0;16;2;18
92186;Photo;2;7;2;1;153536;1713;0;16;2;18
92293;Photo;2;7;13;1;10040;1429;4;54;17;75
92293;Photo;2;7;13;1;10040;1429;4;54;17;75
92293;Photo;2;7;13;1;10040;1429;4;54;17;75
92293;Photo;2;7;13;1;10040;1429;4;54;17;75
92400;Photo;2;1;4;0;5880;1291;3;99;19;121
92400;Photo;2;1;4;0;5880;1291;3;99;19;121
92400;Photo;2;1;4;0;5880;1291;3;99;19;121
92400;Photo;2;1;4;0;5880;1291;3;99;19;121
92507;Photo;2;1;13;0;55520;4544;4;86;18;108
92507;Photo;2;1;13;0;55520;4544;4;86;18;108
92507;Photo;2;1;13;0;55520;4544;4;86;18;108
92507;Photo;2;1;13;0;55520;4544;4;86;18;108
92614;Photo;2;2;3;1;5290;1053;2;577;20;599
92614;Photo;2;2;3;1;5290;1053;2;577;20;599
92614;Photo;2;2;3;1;5290;1053;2;577;20;599
92614;Photo;2;2;3;1;5290;1053;2;577;20;599
92721;Photo;2;2;13;0;7228;1239;15;678;20;713
92721;Photo;2;2;13;0;7228;1239;15;678;20;713
92721;Photo;2;2;13;0;7228;1239;15;678;20;713
92721;Photo;2;2;13;0;7228;1239;15;678;20;713
92828;Photo;2;3;6;0;28128;2283;1;12;1;14
92828;Photo;2;3;6;0;28128;2283;1;12;1;14
92828;Photo;2;3;6;0;28128;2283;1;12;1;14
92828;Photo;2;3;6;0;28128;2283;1;12;1;14
92935;Photo;2;3;9;1;3796;949;1;48;9;58
92935;Photo;2;3;9;1;3796;949;1;48;9;58
92935;Photo;2;3;9;1;3796;949;1;48;9;58
92935;Photo;2;3;9;1;3796;949;1;48;9;58
93042;Photo;2;3;13;0;8500;1095;6;18;8;32
93042;Photo;2;3;13;0;8500;1095;6;18;8;32
93042;Photo;2;3;13;0;8500;1095;6;18;8;32
93042;Photo;2;3;13;0;8500;1095;6;18;8;32
93149;Photo;2;4;3;0;9528;1383;7;29;10;46
93149;Photo;2;4;3;0;9528;1383;7;29;10;46
93149;Photo;2;4;3;0;9528;1383;7;29;10;46
93149;Photo;2;4;3;0;9528;1383;7;29;10;46
93256;Photo;2;4;12;0;5878;1132;0;77;15;92
93256;Photo;2;4;12;0;5878;1132;0;77;15;92
93256;Photo;2;4;12;0;5878;1132;0;77;15;92
93256;Photo;2;4;12;0;5878;1132;0;77;15;92
93363;Photo;2;5;6;0;5786;1237;0;47;11;58
93363;Photo;2;5;6;0;5786;1237;0;47;11;58
93363;Photo;2;5;6;0;5786;1237;0;47;11;58
93363;Photo;2;5;6;0;5786;1237;0;47;11;58
93470;Photo;2;5;12;0;6416;1362;7;26;3;36
93470;Photo;2;5;12;0;6416;1362;7;26;3;36
93470;Photo;2;5;12;0;6416;1362;7;26;3;36
93470;Photo;2;5;12;0;6416;1362;7;26;3;36
93577;Photo;2;6;6;0;20528;1876;4;57;10;71
93577;Photo;2;6;6;0;20528;1876;4;57;10;71
93577;Photo;2;6;6;0;20528;1876;4;57;10;71
93577;Photo;2;6;6;0;20528;1876;4;57;10;71
93684;Photo;2;6;13;1;27056;2299;4;174;36;214
93684;Photo;2;6;13;1;27056;2299;4;174;36;214
93684;Photo;2;6;13;1;27056;2299;4;174;36;214
93684;Photo;2;6;13;1;27056;2299;4;174;36;214
96749;Photo;3;1;2;1;98816;11452;2;164;54;220
96749;Photo;3;7;5;1;14320;1850;9;202;31;242
96749;Photo;3;7;10;1;7220;2348;4;64;19;87
96749;Photo;3;2;9;0;5338;589;0;40;13;53
96749;Photo;3;2;5;0;5312;603;4;66;13;83
96749;Photo;3;1;13;1;4412;711;3;76;11;90
96749;Photo;3;1;2;1;98816;11452;2;164;54;220
96749;Photo;3;7;5;1;14320;1850;9;202;31;242
96749;Photo;3;7;10;1;7220;2348;4;64;19;87
96749;Photo;3;2;9;0;5338;589;0;40;13;53
96749;Photo;3;2;5;0;5312;603;4;66;13;83
96749;Photo;3;1;13;1;4412;711;3;76;11;90
96749;Photo;3;1;2;1;98816;11452;2;164;54;220
96749;Photo;3;7;5;1;14320;1850;9;202;31;242
96749;Photo;3;7;10;1;7220;2348;4;64;19;87
96749;Photo;3;2;9;0;5338;589;0;40;13;53
96749;Photo;3;2;5;0;5312;603;4;66;13;83
96749;Photo;3;1;13;1;4412;711;3;76;11;90
96749;Photo;3;1;2;1;98816;11452;2;164;54;220
96749;Photo;3;7;5;1;14320;1850;9;202;31;242
96749;Photo;3;7;10;1;7220;2348;4;64;19;87
96749;Photo;3;2;9;0;5338;589;0;40;13;53
96749;Photo;3;2;5;0;5312;603;4;66;13;83
96749;Photo;3;1;13;1;4412;711;3;76;11;90
98195;Photo;3;4;13;0;34480;1591;0;53;17;70
98195;Link;3;6;6;0;5730;103;0;48;7;55
98195;Photo;3;6;3;0;4898;560;4;139;17;160
98195;Photo;3;5;10;0;4118;546;24;285;28;337
98195;Photo;3;5;4;1;1845;9;2;65;14;81
98195;Photo;3;4;13;0;34480;1591;0;53;17;70
98195;Link;3;6;6;0;5730;103;0;48;7;55
98195;Photo;3;6;3;0;4898;560;4;139;17;160
98195;Photo;3;5;10;0;4118;546;24;285;28;337
98195;Photo;3;5;4;1;1845;9;2;65;14;81
98195;Photo;3;4;13;0;34480;1591;0;53;17;70
98195;Link;3;6;6;0;5730;103;0;48;7;55
98195;Photo;3;6;3;0;4898;560;4;139;17;160
98195;Photo;3;5;10;0;4118;546;24;285;28;337
98195;Photo;3;5;4;1;1845;9;2;65;14;81
98195;Photo;3;4;13;0;34480;1591;0;53;17;70
98195;Link;3;6;6;0;5730;103;0;48;7;55
98195;Photo;3;6;3;0;4898;560;4;139;17;160
98195;Photo;3;5;10;0;4118;546;24;285;28;337
98195;Photo;3;5;4;1;1845;9;2;65;14;81
100732;Photo;3;6;10;0;122944;1373;2;99;13;114
100732;Photo;3;6;17;0;11420;1411;14;172;47;233
100732;Photo;3;7;17;0;10844;1409;3;226;44;273
100732;Photo;3;6;13;1;9604;1061;7;84;28;119
100732;Photo;3;6;15;0;7192;587;0;0;0;0
100732;Photo;3;6;15;0;5704;452;20;697;70;787
100732;Photo;3;7;15;0;5132;398;8;144;10;162
100732;Photo;3;7;12;0;4094;206;10;179;13;202
100732;Photo;3;7;15;0;3772;144;4;219;22;245
100732;Link;3;7;14;0;2933;24;8;101;14;123
100732;Photo;3;6;17;0;452;186;19;77;23;119
100732;Photo;3;7;18;0;391;131;2;60;7;69
100732;Photo;3;6;10;0;122944;1373;2;99;13;114
100732;Photo;3;6;17;0;11420;1411;14;172;47;233
100732;Photo;3;7;17;0;10844;1409;3;226;44;273
100732;Photo;3;6;13;1;9604;1061;7;84;28;119
100732;Photo;3;6;15;0;7192;587;0;0;0;0
100732;Photo;3;6;15;0;5704;452;20;697;70;787
100732;Photo;3;7;15;0;5132;398;8;144;10;162
100732;Photo;3;7;12;0;4094;206;10;179;13;202
100732;Photo;3;7;15;0;3772;144;4;219;22;245
100732;Link;3;7;14;0;2933;24;8;101;14;123
100732;Photo;3;6;17;0;452;186;19;77;23;119
100732;Photo;3;7;18;0;391;131;2;60;7;69
100732;Photo;3;6;10;0;122944;1373;2;99;13;114
100732;Photo;3;6;17;0;11420;1411;14;172;47;233
100732;Photo;3;7;17;0;10844;1409;3;226;44;273
100732;Photo;3;6;13;1;9604;1061;7;84;28;119
100732;Photo;3;6;15;0;7192;587;0;0;0;0
100732;Photo;3;6;15;0;5704;452;20;697;70;787
100732;Photo;3;7;15;0;5132;398;8;144;10;162
100732;Photo;3;7;12;0;4094;206;10;179;13;202
100732;Photo;3;7;15;0;3772;144;4;219;22;245
100732;Link;3;7;14;0;2933;24;8;101;14;123
100732;Photo;3;6;17;0;452;186;19;77;23;119
100732;Photo;3;7;18;0;391;131;2;60;7;69
100732;Photo;3;6;10;0;122944;1373;2;99;13;114
100732;Photo;3;6;17;0;11420;1411;14;172;47;233
100732;Photo;3;7;17;0;10844;1409;3;226;44;273
100732;Photo;3;6;13;1;9604;1061;7;84;28;119
100732;Photo;3;6;15;0;7192;587;0;0;0;0
100732;Photo;3;6;15;0;5704;452;20;697;70;787
100732;Photo;3;7;15;0;5132;398;8;144;10;162
100732;Photo;3;7;12;0;4094;206;10;179;13;202
100732;Photo;3;7;15;0;3772;144;4;219;22;245
100732;Link;3;7;14;0;2933;24;8;101;14;123
100732;Photo;3;6;17;0;452;186;19;77;23;119
100732;Photo;3;7;18;0;391;131;2;60;7;69
102112;Link;3;1;3;0;6876;282;2;29;7;38
102112;Photo;3;1;18;0;6400;735;2;101;19;122
102112;Photo;3;3;4;0;5080;523;10;140;8;158
102112;Photo;3;3;10;0;4122;466;3;30;6;39
102112;Photo;3;2;12;0;4068;538;0;56;8;64
102112;Photo;3;1;18;0;3358;541;17;449;84;550
102112;Photo;3;2;3;0;3272;463;7;146;9;162
102112;Photo;3;1;19;0;238;143;20;411;74;505
102112;Link;3;1;3;0;6876;282;2;29;7;38
102112;Photo;3;1;18;0;6400;735;2;101;19;122
102112;Photo;3;3;4;0;5080;523;10;140;8;158
102112;Photo;3;3;10;0;4122;466;3;30;6;39
102112;Photo;3;2;12;0;4068;538;0;56;8;64
102112;Photo;3;1;18;0;3358;541;17;449;84;550
102112;Photo;3;2;3;0;3272;463;7;146;9;162
102112;Photo;3;1;19;0;238;143;20;411;74;505
102112;Link;3;1;3;0;6876;282;2;29;7;38
102112;Photo;3;1;18;0;6400;735;2;101;19;122
102112;Photo;3;3;4;0;5080;523;10;140;8;158
102112;Photo;3;3;10;0;4122;466;3;30;6;39
102112;Photo;3;2;12;0;4068;538;0;56;8;64
102112;Photo;3;1;18;0;3358;541;17;449;84;550
102112;Photo;3;2;3;0;3272;463;7;146;9;162
102112;Photo;3;1;19;0;238;143;20;411;74;505
102112;Link;3;1;3;0;6876;282;2;29;7;38
102112;Photo;3;1;18;0;6400;735;2;101;19;122
102112;Photo;3;3;4;0;5080;523;10;140;8;158
102112;Photo;3;3;10;0;4122;466;3;30;6;39
102112;Photo;3;2;12;0;4068;538;0;56;8;64
102112;Photo;3;1;18;0;3358;541;17;449;84;550
102112;Photo;3;2;3;0;3272;463;7;146;9;162
102112;Photo;3;1;19;0;238;143;20;411;74;505
104070;Photo;3;4;7;0;49632;1653;2;86;13;101
104070;Status;3;3;15;0;9120;951;2;99;16;117
104070;Photo;3;4;14;1;6030;735;18;370;53;441
104070;Photo;3;5;14;1;3696;517;5;190;57;252
104070;Photo;3;3;10;0;1874;25;3;270;38;311
104070;Photo;3;4;7;0;49632;1653;2;86;13;101
104070;Status;3;3;15;0;9120;951;2;99;16;117
104070;Photo;3;4;14;1;6030;735;18;370;53;441
104070;Photo;3;5;14;1;3696;517;5;190;57;252
104070;Photo;3;3;10;0;1874;25;3;270;38;311
104070;Photo;3;4;7;0;49632;1653;2;86;13;101
104070;Status;3;3;15;0;9120;951;2;99;16;117
104070;Photo;3;4;14;1;6030;735;18;370;53;441
104070;Photo;3;5;14;1;3696;517;5;190;57;252
104070;Photo;3;3;10;0;1874;25;3;270;38;311
104070;Photo;3;4;7;0;49632;1653;2;86;13;101
104070;Status;3;3;15;0;9120;951;2;99;16;117
104070;Photo;3;4;14;1;6030;735;18;370;53;441
104070;Photo;3;5;14;1;3696;517;5;190;57;252
104070;Photo;3;3;10;0;1874;25;3;270;38;311
106928;Link;4;6;4;0;34192;338;2;124;22;148
106928;Photo;4;5;3;0;5560;642;2;111;16;129
106928;Photo;4;5;13;0;5302;624;0;78;13;91
106928;Photo;4;4;3;1;5290;612;3;51;11;65
106928;Photo;4;4;13;0;4406;477;4;85;8;97
106928;Photo;4;6;9;1;2970;421;2;130;31;163
106928;Link;4;6;4;0;34192;338;2;124;22;148
106928;Photo;4;5;3;0;5560;642;2;111;16;129
106928;Photo;4;5;13;0;5302;624;0;78;13;91
106928;Photo;4;4;3;1;5290;612;3;51;11;65
106928;Photo;4;4;13;0;4406;477;4;85;8;97
106928;Photo;4;6;9;1;2970;421;2;130;31;163
106928;Link;4;6;4;0;34192;338;2;124;22;148
106928;Photo;4;5;3;0;5560;642;2;111;16;129
106928;Photo;4;5;13;0;5302;624;0;78;13;91
106928;Photo;4;4;3;1;5290;612;3;51;11;65
106928;Photo;4;4;13;0;4406;477;4;85;8;97
106928;Photo;4;6;9;1;2970;421;2;130;31;163
106928;Link;4;6;4;0;34192;338;2;124;22;148
106928;Photo;4;5;3;0;5560;642;2;111;16;129
106928;Photo;4;5;13;0;5302;624;0;78;13;91
106928;Photo;4;4;3;1;5290;612;3;51;11;65
106928;Photo;4;4;13;0;4406;477;4;85;8;97
106928;Photo;4;6;9;1;2970;421;2;130;31;163
107907;Photo;4;5;9;0;71360;1784;26;1505;95;1626
107907;Link;4;2;6;0;70912;1374;12;328;90;430
107907;Photo;4;3;13;1;46192;1364;7;310;61;378
107907;Photo;4;3;4;1;39568;741;9;181;32;222
107907;Photo;4;4;13;0;6360;715;4;59;9;72
107907;Photo;4;7;3;0;4770;494;2;63;14;79
107907;Photo;4;1;3;0;4552;471;0;13;4;17
107907;Photo;4;7;10;0;4390;484;0;0;0;0
107907;Photo;4;7;13;0;4240;601;13;331;77;421
107907;Photo;4;5;3;0;3824;666;9;301;32;342
107907;Photo;4;4;5;1;3714;537;5;153;27;185
107907;Photo;4;6;9;0;3544;509;2;107;17;126
107907;Photo;4;6;3;1;3286;504;1;115;26;142
107907;Photo;4;5;9;0;71360;1784;26;1505;95;1626
107907;Link;4;2;6;0;70912;1374;12;328;90;430
107907;Photo;4;3;13;1;46192;1364;7;310;61;378
107907;Photo;4;3;4;1;39568;741;9;181;32;222
107907;Photo;4;4;13;0;6360;715;4;59;9;72
107907;Photo;4;7;3;0;4770;494;2;63;14;79
107907;Photo;4;1;3;0;4552;471;0;13;4;17
107907;Photo;4;7;10;0;4390;484;0;0;0;0
107907;Photo;4;7;13;0;4240;601;13;331;77;421
107907;Photo;4;5;3;0;3824;666;9;301;32;342
107907;Photo;4;4;5;1;3714;537;5;153;27;185
107907;Photo;4;6;9;0;3544;509;2;107;17;126
107907;Photo;4;6;3;1;3286;504;1;115;26;142
107907;Photo;4;5;9;0;71360;1784;26;1505;95;1626
107907;Link;4;2;6;0;70912;1374;12;328;90;430
107907;Photo;4;3;13;1;46192;1364;7;310;61;378
107907;Photo;4;3;4;1;39568;741;9;181;32;222
107907;Photo;4;4;13;0;6360;715;4;59;9;72
107907;Photo;4;7;3;0;4770;494;2;63;14;79
107907;Photo;4;1;3;0;4552;471;0;13;4;17
107907;Photo;4;7;10;0;4390;484;0;0;0;0
107907;Photo;4;7;13;0;4240;601;13;331;77;421
107907;Photo;4;5;3;0;3824;666;9;301;32;342
107907;Photo;4;4;5;1;3714;537;5;153;27;185
107907;Photo;4;6;9;0;3544;509;2;107;17;126
107907;Photo;4;6;3;1;3286;504;1;115;26;142
107907;Photo;4;5;9;0;71360;1784;26;1505;95;1626
107907;Link;4;2;6;0;70912;1374;12;328;90;430
107907;Photo;4;3;13;1;46192;1364;7;310;61;378
107907;Photo;4;3;4;1;39568;741;9;181;32;222
107907;Photo;4;4;13;0;6360;715;4;59;9;72
107907;Photo;4;7;3;0;4770;494;2;63;14;79
107907;Photo;4;1;3;0;4552;471;0;13;4;17
107907;Photo;4;7;10;0;4390;484;0;0;0;0
107907;Photo;4;7;13;0;4240;601;13;331;77;421
107907;Photo;4;5;3;0;3824;666;9;301;32;342
107907;Photo;4;4;5;1;3714;537;5;153;27;185
107907;Photo;4;6;9;0;3544;509;2;107;17;126
107907;Photo;4;6;3;1;3286;504;1;115;26;142
109670;Photo;4;4;3;0;35008;621;1;431;26;458
109670;Photo;4;1;13;1;32208;1933;2;79;16;97
109670;Photo;4;1;2;0;20920;705;0;15;2;17
109670;Photo;4;3;8;0;9880;524;0;7;2;9
109670;Photo;4;5;13;0;6668;669;0;4;2;6
109670;Photo;4;6;13;0;6172;718;0;7;0;7
109670;Photo;4;6;20;0;5994;964;4;217;50;271
109670;Photo;4;3;13;1;5402;700;17;193;28;238
109670;Photo;4;5;7;1;5298;657;4;117;18;139
109670;Photo;4;6;3;0;4986;662;7;125;16;148
109670;Photo;4;7;14;0;3884;518;2;28;4;34
109670;Photo;4;2;13;0;3334;584;0;;;0
109670;Photo;4;2;2;1;3130;522;42;955;139;1136
109670;Photo;4;4;3;0;35008;621;1;431;26;458
109670;Photo;4;1;13;1;32208;1933;2;79;16;97
109670;Photo;4;1;2;0;20920;705;0;15;2;17
109670;Photo;4;3;8;0;9880;524;0;7;2;9
109670;Photo;4;5;13;0;6668;669;0;4;2;6
109670;Photo;4;6;13;0;6172;718;0;7;0;7
109670;Photo;4;6;20;0;5994;964;4;217;50;271
109670;Photo;4;3;13;1;5402;700;17;193;28;238
109670;Photo;4;5;7;1;5298;657;4;117;18;139
109670;Photo;4;6;3;0;4986;662;7;125;16;148
109670;Photo;4;7;14;0;3884;518;2;28;4;34
109670;Photo;4;2;13;0;3334;584;0;;;0
109670;Photo;4;2;2;1;3130;522;42;955;139;1136
109670;Photo;4;4;3;0;35008;621;1;431;26;458
109670;Photo;4;1;13;1;32208;1933;2;79;16;97
109670;Photo;4;1;2;0;20920;705;0;15;2;17
109670;Photo;4;3;8;0;9880;524;0;7;2;9
109670;Photo;4;5;13;0;6668;669;0;4;2;6
109670;Photo;4;6;13;0;6172;718;0;7;0;7
109670;Photo;4;6;20;0;5994;964;4;217;50;271
109670;Photo;4;3;13;1;5402;700;17;193;28;238
109670;Photo;4;5;7;1;5298;657;4;117;18;139
109670;Photo;4;6;3;0;4986;662;7;125;16;148
109670;Photo;4;7;14;0;3884;518;2;28;4;34
109670;Photo;4;2;13;0;3334;584;0;;;0
109670;Photo;4;2;2;1;3130;522;42;955;139;1136
109670;Photo;4;4;3;0;35008;621;1;431;26;458
109670;Photo;4;1;13;1;32208;1933;2;79;16;97
109670;Photo;4;1;2;0;20920;705;0;15;2;17
109670;Photo;4;3;8;0;9880;524;0;7;2;9
109670;Photo;4;5;13;0;6668;669;0;4;2;6
109670;Photo;4;6;13;0;6172;718;0;7;0;7
109670;Photo;4;6;20;0;5994;964;4;217;50;271
109670;Photo;4;3;13;1;5402;700;17;193;28;238
109670;Photo;4;5;7;1;5298;657;4;117;18;139
109670;Photo;4;6;3;0;4986;662;7;125;16;148
109670;Photo;4;7;14;0;3884;518;2;28;4;34
109670;Photo;4;2;13;0;3334;584;0;;;0
109670;Photo;4;2;2;1;3130;522;42;955;139;1136
111620;Photo;4;7;14;0;128064;1539;1;7;2;10
111620;Photo;4;1;14;1;105632;3984;0;11;1;12
111620;Photo;4;2;6;1;44288;1215;0;4;1;5
111620;Photo;4;4;7;1;12824;830;1;1;2;4
111620;Photo;4;2;13;1;7492;838;1;3;2;6
111620;Photo;4;3;7;0;6596;564;0;2;;2
111620;Photo;4;7;14;0;128064;1539;1;7;2;10
111620;Photo;4;1;14;1;105632;3984;0;11;1;12
111620;Photo;4;2;6;1;44288;1215;0;4;1;5
111620;Photo;4;4;7;1;12824;830;1;1;2;4
111620;Photo;4;2;13;1;7492;838;1;3;2;6
111620;Photo;4;3;7;0;6596;564;0;2;;2
111620;Photo;4;7;14;0;128064;1539;1;7;2;10
111620;Photo;4;1;14;1;105632;3984;0;11;1;12
111620;Photo;4;2;6;1;44288;1215;0;4;1;5
111620;Photo;4;4;7;1;12824;830;1;1;2;4
111620;Photo;4;2;13;1;7492;838;1;3;2;6
111620;Photo;4;3;7;0;6596;564;0;2;;2
111620;Photo;4;7;14;0;128064;1539;1;7;2;10
111620;Photo;4;1;14;1;105632;3984;0;11;1;12
111620;Photo;4;2;6;1;44288;1215;0;4;1;5
111620;Photo;4;4;7;1;12824;830;1;1;2;4
111620;Photo;4;2;13;1;7492;838;1;3;2;6
111620;Photo;4;3;7;0;6596;564;0;2;;2
113028;Link;4;5;7;1;35360;339;2;28;4;34
113028;Photo;4;6;14;0;28352;1476;0;6;2;8
113028;Status;4;6;3;1;17912;2750;0;3;0;3
113028;Photo;4;5;5;0;9084;962;0;9;1;10
113028;Photo;4;4;12;1;6880;671;0;7;2;9
113028;Photo;4;7;3;1;5582;708;0;7;;7
113028;Link;4;5;7;1;35360;339;2;28;4;34
113028;Photo;4;6;14;0;28352;1476;0;6;2;8
113028;Status;4;6;3;1;17912;2750;0;3;0;3
113028;Photo;4;5;5;0;9084;962;0;9;1;10
113028;Photo;4;4;12;1;6880;671;0;7;2;9
113028;Photo;4;7;3;1;5582;708;0;7;;7
113028;Link;4;5;7;1;35360;339;2;28;4;34
113028;Photo;4;6;14;0;28352;1476;0;6;2;8
113028;Status;4;6;3;1;17912;2750;0;3;0;3
113028;Photo;4;5;5;0;9084;962;0;9;1;10
113028;Photo;4;4;12;1;6880;671;0;7;2;9
113028;Photo;4;7;3;1;5582;708;0;7;;7
113028;Link;4;5;7;1;35360;339;2;28;4;34
113028;Photo;4;6;14;0;28352;1476;0;6;2;8
113028;Status;4;6;3;1;17912;2750;0;3;0;3
113028;Photo;4;5;5;0;9084;962;0;9;1;10
113028;Photo;4;4;12;1;6880;671;0;7;2;9
113028;Photo;4;7;3;1;5582;708;0;7;;7
115368;Photo;4;1;2;0;11336;583;0;7;3;10
115368;Photo;4;2;13;0;6692;905;0;56;12;68
115368;Photo;4;2;2;1;5594;739;3;198;41;242
115368;Photo;4;3;8;0;4280;624;0;8;2;10
115368;Photo;4;1;2;0;11336;583;0;7;3;10
115368;Photo;4;2;13;0;6692;905;0;56;12;68
115368;Photo;4;2;2;1;5594;739;3;198;41;242
115368;Photo;4;3;8;0;4280;624;0;8;2;10
115368;Photo;4;1;2;0;11336;583;0;7;3;10
115368;Photo;4;2;13;0;6692;905;0;56;12;68
115368;Photo;4;2;2;1;5594;739;3;198;41;242
115368;Photo;4;3;8;0;4280;624;0;8;2;10
115368;Photo;4;1;2;0;11336;583;0;7;3;10
115368;Photo;4;2;13;0;6692;905;0;56;12;68
115368;Photo;4;2;2;1;5594;739;3;198;41;242
115368;Photo;4;3;8;0;4280;624;0;8;2;10
115893;Photo;4;3;13;0;24264;1599;6;186;40;232
115893;Photo;4;4;15;1;5212;736;0;32;16;48
115893;Photo;4;3;13;0;24264;1599;6;186;40;232
115893;Photo;4;4;15;1;5212;736;0;32;16;48
115893;Photo;4;3;13;0;24264;1599;6;186;40;232
115893;Photo;4;4;15;1;5212;736;0;32;16;48
115893;Photo;4;3;13;0;24264;1599;6;186;40;232
115893;Photo;4;4;15;1;5212;736;0;32;16;48
116091;Status;5;5;7;0;9232;908;10;377;60;447
116091;Photo;5;7;2;0;6984;780;2;227;36;265
116091;Photo;5;6;9;0;6000;577;0;129;25;154
116091;Photo;5;1;3;0;5976;689;6;76;14;96
116091;Photo;5;7;14;0;5206;565;4;77;19;100
116091;Photo;5;6;3;0;3332;463;4;32;3;39
116091;Status;5;5;7;0;9232;908;10;377;60;447
116091;Photo;5;7;2;0;6984;780;2;227;36;265
116091;Photo;5;6;9;0;6000;577;0;129;25;154
116091;Photo;5;1;3;0;5976;689;6;76;14;96
116091;Photo;5;7;14;0;5206;565;4;77;19;100
116091;Photo;5;6;3;0;3332;463;4;32;3;39
116091;Status;5;5;7;0;9232;908;10;377;60;447
116091;Photo;5;7;2;0;6984;780;2;227;36;265
116091;Photo;5;6;9;0;6000;577;0;129;25;154
116091;Photo;5;1;3;0;5976;689;6;76;14;96
116091;Photo;5;7;14;0;5206;565;4;77;19;100
116091;Photo;5;6;3;0;3332;463;4;32;3;39
116091;Status;5;5;7;0;9232;908;10;377;60;447
116091;Photo;5;7;2;0;6984;780;2;227;36;265
116091;Photo;5;6;9;0;6000;577;0;129;25;154
116091;Photo;5;1;3;0;5976;689;6;76;14;96
116091;Photo;5;7;14;0;5206;565;4;77;19;100
116091;Photo;5;6;3;0;3332;463;4;32;3;39
116435;Status;5;4;3;1;23832;1701;2;166;32;200
116435;Photo;5;3;7;0;18552;1005;0;24;11;35
116435;Photo;5;5;9;0;5728;676;0;80;14;94
116435;Photo;5;4;13;1;5490;647;15;143;44;202
116435;Photo;5;2;8;0;4910;625;3;41;9;53
116435;Photo;5;1;13;0;4202;562;60;859;90;1009
116435;Photo;5;2;14;0;4132;552;0;189;15;204
116435;Status;5;4;3;1;23832;1701;2;166;32;200
116435;Photo;5;3;7;0;18552;1005;0;24;11;35
116435;Photo;5;5;9;0;5728;676;0;80;14;94
116435;Photo;5;4;13;1;5490;647;15;143;44;202
116435;Photo;5;2;8;0;4910;625;3;41;9;53
116435;Photo;5;1;13;0;4202;562;60;859;90;1009
116435;Photo;5;2;14;0;4132;552;0;189;15;204
116435;Status;5;4;3;1;23832;1701;2;166;32;200
116435;Photo;5;3;7;0;18552;1005;0;24;11;35
116435;Photo;5;5;9;0;5728;676;0;80;14;94
116435;Photo;5;4;13;1;5490;647;15;143;44;202
116435;Photo;5;2;8;0;4910;625;3;41;9;53
116435;Photo;5;1;13;0;4202;562;60;859;90;1009
116435;Photo;5;2;14;0;4132;552;0;189;15;204
116435;Status;5;4;3;1;23832;1701;2;166;32;200
116435;Photo;5;3;7;0;18552;1005;0;24;11;35
116435;Photo;5;5;9;0;5728;676;0;80;14;94
116435;Photo;5;4;13;1;5490;647;15;143;44;202
116435;Photo;5;2;8;0;4910;625;3;41;9;53
116435;Photo;5;1;13;0;4202;562;60;859;90;1009
116435;Photo;5;2;14;0;4132;552;0;189;15;204
117764;Photo;5;5;13;0;81856;3000;6;244;32;282
117764;Photo;5;7;2;0;38960;2298;1;84;13;98
117764;Photo;5;4;10;0;18056;1062;30;187;35;252
117764;Link;5;1;2;0;12540;344;16;117;30;163
117764;Photo;5;2;11;0;6444;734;1;115;21;137
117764;Photo;5;4;4;0;5016;679;0;54;16;70
117764;Photo;5;1;13;1;4458;491;24;302;41;367
117764;Photo;5;7;13;1;4362;604;3;148;28;179
117764;Photo;5;6;8;1;4336;574;7;161;25;193
117764;Photo;5;3;11;0;3528;470;47;358;49;454
117764;Photo;5;6;13;0;3144;392;13;319;55;387
117764;Photo;5;5;13;0;81856;3000;6;244;32;282
117764;Photo;5;7;2;0;38960;2298;1;84;13;98
117764;Photo;5;4;10;0;18056;1062;30;187;35;252
117764;Link;5;1;2;0;12540;344;16;117;30;163
117764;Photo;5;2;11;0;6444;734;1;115;21;137
117764;Photo;5;4;4;0;5016;679;0;54;16;70
117764;Photo;5;1;13;1;4458;491;24;302;41;367
117764;Photo;5;7;13;1;4362;604;3;148;28;179
117764;Photo;5;6;8;1;4336;574;7;161;25;193
117764;Photo;5;3;11;0;3528;470;47;358;49;454
117764;Photo;5;6;13;0;3144;392;13;319;55;387
117764;Photo;5;5;13;0;81856;3000;6;244;32;282
117764;Photo;5;7;2;0;38960;2298;1;84;13;98
117764;Photo;5;4;10;0;18056;1062;30;187;35;252
117764;Link;5;1;2;0;12540;344;16;117;30;163
117764;Photo;5;2;11;0;6444;734;1;115;21;137
117764;Photo;5;4;4;0;5016;679;0;54;16;70
117764;Photo;5;1;13;1;4458;491;24;302;41;367
117764;Photo;5;7;13;1;4362;604;3;148;28;179
117764;Photo;5;6;8;1;4336;574;7;161;25;193
117764;Photo;5;3;11;0;3528;470;47;358;49;454
117764;Photo;5;6;13;0;3144;392;13;319;55;387
117764;Photo;5;5;13;0;81856;3000;6;244;32;282
117764;Photo;5;7;2;0;38960;2298;1;84;13;98
117764;Photo;5;4;10;0;18056;1062;30;187;35;252
117764;Link;5;1;2;0;12540;344;16;117;30;163
117764;Photo;5;2;11;0;6444;734;1;115;21;137
117764;Photo;5;4;4;0;5016;679;0;54;16;70
117764;Photo;5;1;13;1;4458;491;24;302;41;367
117764;Photo;5;7;13;1;4362;604;3;148;28;179
117764;Photo;5;6;8;1;4336;574;7;161;25;193
117764;Photo;5;3;11;0;3528;470;47;358;49;454
117764;Photo;5;6;13;0;3144;392;13;319;55;387
119198;Status;5;1;2;0;10152;1636;2;77;5;84
119198;Photo;5;5;10;1;6460;823;8;485;64;557
119198;Photo;5;7;2;0;4708;678;0;113;19;132
119198;Photo;5;3;5;0;4344;692;6;99;16;121
119198;Photo;5;2;1;0;3024;596;0;18;;18
119198;Photo;5;6;6;0;2812;536;4;243;41;288
119198;Photo;5;6;14;0;2772;526;6;363;40;409
119198;Photo;5;2;12;0;2718;566;22;290;98;410
119198;Status;5;1;2;0;10152;1636;2;77;5;84
119198;Photo;5;5;10;1;6460;823;8;485;64;557
119198;Photo;5;7;2;0;4708;678;0;113;19;132
119198;Photo;5;3;5;0;4344;692;6;99;16;121
119198;Photo;5;2;1;0;3024;596;0;18;;18
119198;Photo;5;6;6;0;2812;536;4;243;41;288
119198;Photo;5;6;14;0;2772;526;6;363;40;409
119198;Photo;5;2;12;0;2718;566;22;290;98;410
119198;Status;5;1;2;0;10152;1636;2;77;5;84
119198;Photo;5;5;10;1;6460;823;8;485;64;557
119198;Photo;5;7;2;0;4708;678;0;113;19;132
119198;Photo;5;3;5;0;4344;692;6;99;16;121
119198;Photo;5;2;1;0;3024;596;0;18;;18
119198;Photo;5;6;6;0;2812;536;4;243;41;288
119198;Photo;5;6;14;0;2772;526;6;363;40;409
119198;Photo;5;2;12;0;2718;566;22;290;98;410
119198;Status;5;1;2;0;10152;1636;2;77;5;84
119198;Photo;5;5;10;1;6460;823;8;485;64;557
119198;Photo;5;7;2;0;4708;678;0;113;19;132
119198;Photo;5;3;5;0;4344;692;6;99;16;121
119198;Photo;5;2;1;0;3024;596;0;18;;18
119198;Photo;5;6;6;0;2812;536;4;243;41;288
119198;Photo;5;6;14;0;2772;526;6;363;40;409
119198;Photo;5;2;12;0;2718;566;22;290;98;410
120050;Photo;5;4;12;0;39040;1684;5;204;34;243
120050;Photo;5;3;12;0;21248;1049;4;154;36;194
120050;Photo;5;4;4;1;4032;684;2;30;6;38
120050;Photo;5;5;9;1;3776;577;144;1622;208;1974
120050;Photo;5;4;12;0;39040;1684;5;204;34;243
120050;Photo;5;3;12;0;21248;1049;4;154;36;194
120050;Photo;5;4;4;1;4032;684;2;30;6;38
120050;Photo;5;5;9;1;3776;577;144;1622;208;1974
120050;Photo;5;4;12;0;39040;1684;5;204;34;243
120050;Photo;5;3;12;0;21248;1049;4;154;36;194
120050;Photo;5;4;4;1;4032;684;2;30;6;38
120050;Photo;5;5;9;1;3776;577;144;1622;208;1974
120050;Photo;5;4;12;0;39040;1684;5;204;34;243
120050;Photo;5;3;12;0;21248;1049;4;154;36;194
120050;Photo;5;4;4;1;4032;684;2;30;6;38
120050;Photo;5;5;9;1;3776;577;144;1622;208;1974
121540;Photo;5;7;14;0;3806;722;6;179;40;225
121540;Photo;6;1;3;0;3110;732;3;188;26;217
121540;Photo;5;7;14;0;3806;722;6;179;40;225
121540;Photo;6;1;3;0;3110;732;3;188;26;217
121540;Photo;5;7;14;0;3806;722;6;179;40;225
121540;Photo;6;1;3;0;3110;732;3;188;26;217
121540;Photo;5;7;14;0;3806;722;6;179;40;225
121540;Photo;6;1;3;0;3110;732;3;188;26;217
123047;Photo;6;1;10;0;56672;2579;11;68;11;90
123047;Photo;6;3;11;0;13544;759;1;104;12;117
123047;Photo;6;4;5;1;11304;1141;0;62;10;72
123047;Photo;6;4;13;0;6768;768;0;61;6;67
123047;Photo;6;2;5;1;3662;560;29;1047;98;1174
123047;Photo;6;2;13;0;3418;581;38;163;27;228
123047;Photo;6;5;3;0;3322;702;2;165;22;189
123047;Photo;6;1;3;1;3294;526;2;234;40;276
123047;Photo;6;5;12;0;3234;756;7;250;42;299
123047;Photo;6;1;10;0;56672;2579;11;68;11;90
123047;Photo;6;3;11;0;13544;759;1;104;12;117
123047;Photo;6;4;5;1;11304;1141;0;62;10;72
123047;Photo;6;4;13;0;6768;768;0;61;6;67
123047;Photo;6;2;5;1;3662;560;29;1047;98;1174
123047;Photo;6;2;13;0;3418;581;38;163;27;228
123047;Photo;6;5;3;0;3322;702;2;165;22;189
123047;Photo;6;1;3;1;3294;526;2;234;40;276
123047;Photo;6;5;12;0;3234;756;7;250;42;299
123047;Photo;6;1;10;0;56672;2579;11;68;11;90
123047;Photo;6;3;11;0;13544;759;1;104;12;117
123047;Photo;6;4;5;1;11304;1141;0;62;10;72
123047;Photo;6;4;13;0;6768;768;0;61;6;67
123047;Photo;6;2;5;1;3662;560;29;1047;98;1174
123047;Photo;6;2;13;0;3418;581;38;163;27;228
123047;Photo;6;5;3;0;3322;702;2;165;22;189
123047;Photo;6;1;3;1;3294;526;2;234;40;276
123047;Photo;6;5;12;0;3234;756;7;250;42;299
123047;Photo;6;1;10;0;56672;2579;11;68;11;90
123047;Photo;6;3;11;0;13544;759;1;104;12;117
123047;Photo;6;4;5;1;11304;1141;0;62;10;72
123047;Photo;6;4;13;0;6768;768;0;61;6;67
123047;Photo;6;2;5;1;3662;560;29;1047;98;1174
123047;Photo;6;2;13;0;3418;581;38;163;27;228
123047;Photo;6;5;3;0;3322;702;2;165;22;189
123047;Photo;6;1;3;1;3294;526;2;234;40;276
123047;Photo;6;5;12;0;3234;756;7;250;42;299
124940;Photo;6;5;13;1;63840;1382;0;40;5;45
124940;Photo;6;4;12;0;58304;884;2;114;16;132
124940;Photo;6;6;12;1;52736;1635;0;30;2;32
124940;Photo;6;6;4;0;47376;1557;6;442;42;490
124940;Photo;6;2;13;0;22464;1029;9;278;43;330
124940;Photo;6;5;3;1;11608;985;3;113;17;133
124940;Photo;6;7;4;0;8324;840;1;52;7;60
124940;Photo;6;6;9;0;6952;909;2;64;7;73
124940;Photo;6;3;13;0;6150;750;9;766;43;818
124940;Photo;6;4;2;0;4762;842;3;146;15;164
124940;Photo;6;3;3;1;4644;768;2;102;15;119
124940;Photo;6;1;13;0;4452;666;0;63;7;70
124940;Photo;6;7;3;1;4022;647;6;345;121;472
124940;Photo;6;2;3;0;3754;791;4;102;8;114
124940;Photo;6;1;3;0;3576;664;20;150;29;199
124940;Photo;6;7;10;0;3028;579;1;226;44;271
124940;Photo;6;6;2;1;2823;552;5;223;35;263
124940;Photo;6;5;13;1;63840;1382;0;40;5;45
124940;Photo;6;4;12;0;58304;884;2;114;16;132
124940;Photo;6;6;12;1;52736;1635;0;30;2;32
124940;Photo;6;6;4;0;47376;1557;6;442;42;490
124940;Photo;6;2;13;0;22464;1029;9;278;43;330
124940;Photo;6;5;3;1;11608;985;3;113;17;133
124940;Photo;6;7;4;0;8324;840;1;52;7;60
124940;Photo;6;6;9;0;6952;909;2;64;7;73
124940;Photo;6;3;13;0;6150;750;9;766;43;818
124940;Photo;6;4;2;0;4762;842;3;146;15;164
124940;Photo;6;3;3;1;4644;768;2;102;15;119
124940;Photo;6;1;13;0;4452;666;0;63;7;70
124940;Photo;6;7;3;1;4022;647;6;345;121;472
124940;Photo;6;2;3;0;3754;791;4;102;8;114
124940;Photo;6;1;3;0;3576;664;20;150;29;199
124940;Photo;6;7;10;0;3028;579;1;226;44;271
124940;Photo;6;6;2;1;2823;552;5;223;35;263
124940;Photo;6;5;13;1;63840;1382;0;40;5;45
124940;Photo;6;4;12;0;58304;884;2;114;16;132
124940;Photo;6;6;12;1;52736;1635;0;30;2;32
124940;Photo;6;6;4;0;47376;1557;6;442;42;490
124940;Photo;6;2;13;0;22464;1029;9;278;43;330
124940;Photo;6;5;3;1;11608;985;3;113;17;133
124940;Photo;6;7;4;0;8324;840;1;52;7;60
124940;Photo;6;6;9;0;6952;909;2;64;7;73
124940;Photo;6;3;13;0;6150;750;9;766;43;818
124940;Photo;6;4;2;0;4762;842;3;146;15;164
124940;Photo;6;3;3;1;4644;768;2;102;15;119
124940;Photo;6;1;13;0;4452;666;0;63;7;70
124940;Photo;6;7;3;1;4022;647;6;345;121;472
124940;Photo;6;2;3;0;3754;791;4;102;8;114
124940;Photo;6;1;3;0;3576;664;20;150;29;199
124940;Photo;6;7;10;0;3028;579;1;226;44;271
124940;Photo;6;6;2;1;2823;552;5;223;35;263
124940;Photo;6;5;13;1;63840;1382;0;40;5;45
124940;Photo;6;4;12;0;58304;884;2;114;16;132
124940;Photo;6;6;12;1;52736;1635;0;30;2;32
124940;Photo;6;6;4;0;47376;1557;6;442;42;490
124940;Photo;6;2;13;0;22464;1029;9;278;43;330
124940;Photo;6;5;3;1;11608;985;3;113;17;133
124940;Photo;6;7;4;0;8324;840;1;52;7;60
124940;Photo;6;6;9;0;6952;909;2;64;7;73
124940;Photo;6;3;13;0;6150;750;9;766;43;818
124940;Photo;6;4;2;0;4762;842;3;146;15;164
124940;Photo;6;3;3;1;4644;768;2;102;15;119
124940;Photo;6;1;13;0;4452;666;0;63;7;70
124940;Photo;6;7;3;1;4022;647;6;345;121;472
124940;Photo;6;2;3;0;3754;791;4;102;8;114
124940;Photo;6;1;3;0;3576;664;20;150;29;199
124940;Photo;6;7;10;0;3028;579;1;226;44;271
124940;Photo;6;6;2;1;2823;552;5;223;35;263
125612;Photo;6;2;2;0;11620;1160;5;137;20;162
125612;Photo;6;4;3;0;4320;753;0;39;3;42
125612;Photo;6;1;14;0;4248;724;1;54;11;66
125612;Photo;6;2;13;0;3600;691;2;74;22;98
125612;Photo;6;7;11;0;3558;621;3;36;11;50
125612;Photo;6;3;3;0;3322;610;1;11;3;15
125612;Photo;6;1;3;0;2763;564;4;220;19;243
125612;Photo;6;3;11;0;2585;569;33;1155;102;1290
125612;Photo;6;4;11;0;2402;170;2;53;15;70
125612;Photo;6;4;7;0;1729;596;2;139;25;166
125612;Photo;6;2;2;0;11620;1160;5;137;20;162
125612;Photo;6;4;3;0;4320;753;0;39;3;42
125612;Photo;6;1;14;0;4248;724;1;54;11;66
125612;Photo;6;2;13;0;3600;691;2;74;22;98
125612;Photo;6;7;11;0;3558;621;3;36;11;50
125612;Photo;6;3;3;0;3322;610;1;11;3;15
125612;Photo;6;1;3;0;2763;564;4;220;19;243
125612;Photo;6;3;11;0;2585;569;33;1155;102;1290
125612;Photo;6;4;11;0;2402;170;2;53;15;70
125612;Photo;6;4;7;0;1729;596;2;139;25;166
125612;Photo;6;2;2;0;11620;1160;5;137;20;162
125612;Photo;6;4;3;0;4320;753;0;39;3;42
125612;Photo;6;1;14;0;4248;724;1;54;11;66
125612;Photo;6;2;13;0;3600;691;2;74;22;98
125612;Photo;6;7;11;0;3558;621;3;36;11;50
125612;Photo;6;3;3;0;3322;610;1;11;3;15
125612;Photo;6;1;3;0;2763;564;4;220;19;243
125612;Photo;6;3;11;0;2585;569;33;1155;102;1290
125612;Photo;6;4;11;0;2402;170;2;53;15;70
125612;Photo;6;4;7;0;1729;596;2;139;25;166
125612;Photo;6;2;2;0;11620;1160;5;137;20;162
125612;Photo;6;4;3;0;4320;753;0;39;3;42
125612;Photo;6;1;14;0;4248;724;1;54;11;66
125612;Photo;6;2;13;0;3600;691;2;74;22;98
125612;Photo;6;7;11;0;3558;621;3;36;11;50
125612;Photo;6;3;3;0;3322;610;1;11;3;15
125612;Photo;6;1;3;0;2763;564;4;220;19;243
125612;Photo;6;3;11;0;2585;569;33;1155;102;1290
125612;Photo;6;4;11;0;2402;170;2;53;15;70
125612;Photo;6;4;7;0;1729;596;2;139;25;166
126141;Photo;6;6;12;0;28112;1631;2;86;8;96
126141;Photo;6;4;12;0;20896;1418;2;17;9;28
126141;Photo;6;4;22;1;20560;936;4;859;68;931
126141;Photo;6;7;4;1;9652;1400;6;98;3;107
126141;Status;6;6;4;0;8628;870;4;435;31;470
126141;Photo;6;5;11;1;2431;389;2;264;21;287
126141;Photo;6;6;12;0;28112;1631;2;86;8;96
126141;Photo;6;4;12;0;20896;1418;2;17;9;28
126141;Photo;6;4;22;1;20560;936;4;859;68;931
126141;Photo;6;7;4;1;9652;1400;6;98;3;107
126141;Status;6;6;4;0;8628;870;4;435;31;470
126141;Photo;6;5;11;1;2431;389;2;264;21;287
126141;Photo;6;6;12;0;28112;1631;2;86;8;96
126141;Photo;6;4;12;0;20896;1418;2;17;9;28
126141;Photo;6;4;22;1;20560;936;4;859;68;931
126141;Photo;6;7;4;1;9652;1400;6;98;3;107
126141;Status;6;6;4;0;8628;870;4;435;31;470
126141;Photo;6;5;11;1;2431;389;2;264;21;287
126141;Photo;6;6;12;0;28112;1631;2;86;8;96
126141;Photo;6;4;12;0;20896;1418;2;17;9;28
126141;Photo;6;4;22;1;20560;936;4;859;68;931
126141;Photo;6;7;4;1;9652;1400;6;98;3;107
126141;Status;6;6;4;0;8628;870;4;435;31;470
126141;Photo;6;5;11;1;2431;389;2;264;21;287
126345;Photo;6;2;3;0;109056;2552;2;114;10;126
126345;Status;6;7;11;0;12044;2240;41;15;1;57
126345;Photo;6;2;9;1;5854;1043;3;87;10;100
126345;Photo;6;1;12;0;3212;735;16;227;28;271
126345;Photo;6;1;4;0;3046;909;6;179;27;212
126345;Photo;6;2;3;0;109056;2552;2;114;10;126
126345;Status;6;7;11;0;12044;2240;41;15;1;57
126345;Photo;6;2;9;1;5854;1043;3;87;10;100
126345;Photo;6;1;12;0;3212;735;16;227;28;271
126345;Photo;6;1;4;0;3046;909;6;179;27;212
126345;Photo;6;2;3;0;109056;2552;2;114;10;126
126345;Status;6;7;11;0;12044;2240;41;15;1;57
126345;Photo;6;2;9;1;5854;1043;3;87;10;100
126345;Photo;6;1;12;0;3212;735;16;227;28;271
126345;Photo;6;1;4;0;3046;909;6;179;27;212
126345;Photo;6;2;3;0;109056;2552;2;114;10;126
126345;Status;6;7;11;0;12044;2240;41;15;1;57
126345;Photo;6;2;9;1;5854;1043;3;87;10;100
126345;Photo;6;1;12;0;3212;735;16;227;28;271
126345;Photo;6;1;4;0;3046;909;6;179;27;212
126424;Video;6;2;13;0;139008;1779;3;188;26;217
126424;Status;7;3;13;0;18320;3742;18;332;54;404
126424;Photo;7;4;12;0;5458;1007;9;95;17;121
126424;Photo;7;4;3;0;3706;895;1;74;11;86
126424;Photo;7;3;4;1;2316;722;2;80;21;103
126424;Video;6;2;13;0;139008;1779;3;188;26;217
126424;Status;7;3;13;0;18320;3742;18;332;54;404
126424;Photo;7;4;12;0;5458;1007;9;95;17;121
126424;Photo;7;4;3;0;3706;895;1;74;11;86
126424;Photo;7;3;4;1;2316;722;2;80;21;103
126424;Video;6;2;13;0;139008;1779;3;188;26;217
126424;Status;7;3;13;0;18320;3742;18;332;54;404
126424;Photo;7;4;12;0;5458;1007;9;95;17;121
126424;Photo;7;4;3;0;3706;895;1;74;11;86
126424;Photo;7;3;4;1;2316;722;2;80;21;103
126424;Video;6;2;13;0;139008;1779;3;188;26;217
126424;Status;7;3;13;0;18320;3742;18;332;54;404
126424;Photo;7;4;12;0;5458;1007;9;95;17;121
126424;Photo;7;4;3;0;3706;895;1;74;11;86
126424;Photo;7;3;4;1;2316;722;2;80;21;103
127082;Photo;7;3;3;1;76096;2889;64;367;25;456
127082;Photo;7;3;3;1;76096;2889;64;367;25;456
127082;Photo;7;3;3;1;76096;2889;64;367;25;456
127082;Photo;7;3;3;1;76096;2889;64;367;25;456
128032;Photo;7;3;10;1;66976;1191;12;237;45;294
128032;Photo;7;4;5;1;53056;2003;4;112;23;139
128032;Photo;7;7;3;0;38576;1355;2;101;25;128
128032;Status;7;5;10;0;10188;1473;6;14;1;21
128032;Photo;7;6;3;0;7232;758;1;43;10;54
128032;Photo;7;5;3;0;6408;909;9;102;19;130
128032;Photo;7;7;11;1;3528;550;1;98;21;120
128032;Photo;7;4;9;1;3414;515;0;94;20;114
128032;Photo;7;1;3;0;3330;513;2;113;20;135
128032;Photo;7;6;13;1;2628;528;6;109;11;126
128032;Photo;7;3;10;1;66976;1191;12;237;45;294
128032;Photo;7;4;5;1;53056;2003;4;112;23;139
128032;Photo;7;7;3;0;38576;1355;2;101;25;128
128032;Status;7;5;10;0;10188;1473;6;14;1;21
128032;Photo;7;6;3;0;7232;758;1;43;10;54
128032;Photo;7;5;3;0;6408;909;9;102;19;130
128032;Photo;7;7;11;1;3528;550;1;98;21;120
128032;Photo;7;4;9;1;3414;515;0;94;20;114
128032;Photo;7;1;3;0;3330;513;2;113;20;135
128032;Photo;7;6;13;1;2628;528;6;109;11;126
128032;Photo;7;3;10;1;66976;1191;12;237;45;294
128032;Photo;7;4;5;1;53056;2003;4;112;23;139
128032;Photo;7;7;3;0;38576;1355;2;101;25;128
128032;Status;7;5;10;0;10188;1473;6;14;1;21
128032;Photo;7;6;3;0;7232;758;1;43;10;54
128032;Photo;7;5;3;0;6408;909;9;102;19;130
128032;Photo;7;7;11;1;3528;550;1;98;21;120
128032;Photo;7;4;9;1;3414;515;0;94;20;114
128032;Photo;7;1;3;0;3330;513;2;113;20;135
128032;Photo;7;6;13;1;2628;528;6;109;11;126
128032;Photo;7;3;10;1;66976;1191;12;237;45;294
128032;Photo;7;4;5;1;53056;2003;4;112;23;139
128032;Photo;7;7;3;0;38576;1355;2;101;25;128
128032;Status;7;5;10;0;10188;1473;6;14;1;21
128032;Photo;7;6;3;0;7232;758;1;43;10;54
128032;Photo;7;5;3;0;6408;909;9;102;19;130
128032;Photo;7;7;11;1;3528;550;1;98;21;120
128032;Photo;7;4;9;1;3414;515;0;94;20;114
128032;Photo;7;1;3;0;3330;513;2;113;20;135
128032;Photo;7;6;13;1;2628;528;6;109;11;126
129600;Photo;7;5;3;0;54256;1620;0;128;15;143
129600;Photo;7;3;13;1;40336;1407;10;167;26;203
129600;Photo;7;4;6;1;31904;863;30;47;8;85
129600;Photo;7;1;13;0;28208;964;0;96;19;115
129600;Photo;7;6;11;0;26944;877;1;98;19;118
129600;Status;7;5;12;1;15576;2417;1;53;14;68
129600;Photo;7;7;6;1;5848;622;372;5172;790;6334
129600;Photo;7;6;5;0;5292;756;4;154;30;188
129600;Photo;7;2;13;0;4666;729;18;315;76;409
129600;Photo;7;2;7;1;4274;701;6;535;83;624
129600;Photo;7;3;1;0;4220;685;9;484;79;572
129600;Photo;7;4;12;1;3726;602;4;118;22;144
129600;Photo;7;1;12;0;3460;541;10;145;31;186
129600;Photo;7;1;6;0;3406;571;0;73;15;88
129600;Photo;7;7;11;1;2602;479;3;13;1;17
129600;Photo;7;5;3;0;54256;1620;0;128;15;143
129600;Photo;7;3;13;1;40336;1407;10;167;26;203
129600;Photo;7;4;6;1;31904;863;30;47;8;85
129600;Photo;7;1;13;0;28208;964;0;96;19;115
129600;Photo;7;6;11;0;26944;877;1;98;19;118
129600;Status;7;5;12;1;15576;2417;1;53;14;68
129600;Photo;7;7;6;1;5848;622;372;5172;790;6334
129600;Photo;7;6;5;0;5292;756;4;154;30;188
129600;Photo;7;2;13;0;4666;729;18;315;76;409
129600;Photo;7;2;7;1;4274;701;6;535;83;624
129600;Photo;7;3;1;0;4220;685;9;484;79;572
129600;Photo;7;4;12;1;3726;602;4;118;22;144
129600;Photo;7;1;12;0;3460;541;10;145;31;186
129600;Photo;7;1;6;0;3406;571;0;73;15;88
129600;Photo;7;7;11;1;2602;479;3;13;1;17
129600;Photo;7;5;3;0;54256;1620;0;128;15;143
129600;Photo;7;3;13;1;40336;1407;10;167;26;203
129600;Photo;7;4;6;1;31904;863;30;47;8;85
129600;Photo;7;1;13;0;28208;964;0;96;19;115
129600;Photo;7;6;11;0;26944;877;1;98;19;118
129600;Status;7;5;12;1;15576;2417;1;53;14;68
129600;Photo;7;7;6;1;5848;622;372;5172;790;6334
129600;Photo;7;6;5;0;5292;756;4;154;30;188
129600;Photo;7;2;13;0;4666;729;18;315;76;409
129600;Photo;7;2;7;1;4274;701;6;535;83;624
129600;Photo;7;3;1;0;4220;685;9;484;79;572
129600;Photo;7;4;12;1;3726;602;4;118;22;144
129600;Photo;7;1;12;0;3460;541;10;145;31;186
129600;Photo;7;1;6;0;3406;571;0;73;15;88
129600;Photo;7;7;11;1;2602;479;3;13;1;17
129600;Photo;7;5;3;0;54256;1620;0;128;15;143
129600;Photo;7;3;13;1;40336;1407;10;167;26;203
129600;Photo;7;4;6;1;31904;863;30;47;8;85
129600;Photo;7;1;13;0;28208;964;0;96;19;115
129600;Photo;7;6;11;0;26944;877;1;98;19;118
129600;Status;7;5;12;1;15576;2417;1;53;14;68
129600;Photo;7;7;6;1;5848;622;372;5172;790;6334
129600;Photo;7;6;5;0;5292;756;4;154;30;188
129600;Photo;7;2;13;0;4666;729;18;315;76;409
129600;Photo;7;2;7;1;4274;701;6;535;83;624
129600;Photo;7;3;1;0;4220;685;9;484;79;572
129600;Photo;7;4;12;1;3726;602;4;118;22;144
129600;Photo;7;1;12;0;3460;541;10;145;31;186
129600;Photo;7;1;6;0;3406;571;0;73;15;88
129600;Photo;7;7;11;1;2602;479;3;13;1;17
130791;Photo;7;3;5;1;180480;8072;4;104;10;118
130791;Photo;7;2;13;0;44464;1052;2;126;32;160
130791;Video;7;3;11;1;21872;3872;13;234;43;290
130791;Photo;7;5;3;0;19968;1016;6;194;34;234
130791;Status;7;4;6;0;17360;2573;11;238;51;300
130791;Photo;7;4;11;0;4892;536;4;71;10;85
130791;Photo;7;5;11;1;4096;487;6;226;42;274
130791;Photo;7;2;8;0;2881;550;9;152;41;202
130791;Photo;7;3;5;1;180480;8072;4;104;10;118
130791;Photo;7;2;13;0;44464;1052;2;126;32;160
130791;Video;7;3;11;1;21872;3872;13;234;43;290
130791;Photo;7;5;3;0;19968;1016;6;194;34;234
130791;Status;7;4;6;0;17360;2573;11;238;51;300
130791;Photo;7;4;11;0;4892;536;4;71;10;85
130791;Photo;7;5;11;1;4096;487;6;226;42;274
130791;Photo;7;2;8;0;2881;550;9;152;41;202
130791;Photo;7;3;5;1;180480;8072;4;104;10;118
130791;Photo;7;2;13;0;44464;1052;2;126;32;160
130791;Video;7;3;11;1;21872;3872;13;234;43;290
130791;Photo;7;5;3;0;19968;1016;6;194;34;234
130791;Status;7;4;6;0;17360;2573;11;238;51;300
130791;Photo;7;4;11;0;4892;536;4;71;10;85
130791;Photo;7;5;11;1;4096;487;6;226;42;274
130791;Photo;7;2;8;0;2881;550;9;152;41;202
130791;Photo;7;3;5;1;180480;8072;4;104;10;118
130791;Photo;7;2;13;0;44464;1052;2;126;32;160
130791;Video;7;3;11;1;21872;3872;13;234;43;290
130791;Photo;7;5;3;0;19968;1016;6;194;34;234
130791;Status;7;4;6;0;17360;2573;11;238;51;300
130791;Photo;7;4;11;0;4892;536;4;71;10;85
130791;Photo;7;5;11;1;4096;487;6;226;42;274
130791;Photo;7;2;8;0;2881;550;9;152;41;202
131300;Status;7;7;10;0;10956;128;2;47;4;53
131300;Photo;7;7;4;0;10888;913;2;61;16;79
131300;Photo;7;6;10;0;3594;424;3;42;10;55
131300;Photo;7;6;2;0;3384;451;10;755;58;823
131300;Status;7;7;10;0;10956;128;2;47;4;53
131300;Photo;7;7;4;0;10888;913;2;61;16;79
131300;Photo;7;6;10;0;3594;424;3;42;10;55
131300;Photo;7;6;2;0;3384;451;10;755;58;823
131300;Status;7;7;10;0;10956;128;2;47;4;53
131300;Photo;7;7;4;0;10888;913;2;61;16;79
131300;Photo;7;6;10;0;3594;424;3;42;10;55
131300;Photo;7;6;2;0;3384;451;10;755;58;823
131300;Status;7;7;10;0;10956;128;2;47;4;53
131300;Photo;7;7;4;0;10888;913;2;61;16;79
131300;Photo;7;6;10;0;3594;424;3;42;10;55
131300;Photo;7;6;2;0;3384;451;10;755;58;823
131630;Status;7;2;6;1;10824;135;6;696;28;730
131630;Photo;7;1;11;0;4592;320;7;529;60;596
131630;Photo;7;3;13;0;3504;444;13;61;13;87
131630;Photo;7;1;5;0;3176;372;2;75;24;101
131630;Photo;7;2;13;0;2973;356;26;162;7;195
131630;Photo;7;2;23;0;2822;424;0;66;9;75
131630;Status;7;2;6;1;10824;135;6;696;28;730
131630;Photo;7;1;11;0;4592;320;7;529;60;596
131630;Photo;7;3;13;0;3504;444;13;61;13;87
131630;Photo;7;1;5;0;3176;372;2;75;24;101
131630;Photo;7;2;13;0;2973;356;26;162;7;195
131630;Photo;7;2;23;0;2822;424;0;66;9;75
131630;Status;7;2;6;1;10824;135;6;696;28;730
131630;Photo;7;1;11;0;4592;320;7;529;60;596
131630;Photo;7;3;13;0;3504;444;13;61;13;87
131630;Photo;7;1;5;0;3176;372;2;75;24;101
131630;Photo;7;2;13;0;2973;356;26;162;7;195
131630;Photo;7;2;23;0;2822;424;0;66;9;75
131630;Status;7;2;6;1;10824;135;6;696;28;730
131630;Photo;7;1;11;0;4592;320;7;529;60;596
131630;Photo;7;3;13;0;3504;444;13;61;13;87
131630;Photo;7;1;5;0;3176;372;2;75;24;101
131630;Photo;7;2;13;0;2973;356;26;162;7;195
131630;Photo;7;2;23;0;2822;424;0;66;9;75
131728;Photo;7;4;10;1;95424;699;0;25;5;30
131728;Photo;7;4;3;0;14824;868;22;534;31;587
131728;Photo;7;5;8;1;3414;473;7;215;47;269
131728;Photo;7;4;10;1;95424;699;0;25;5;30
131728;Photo;7;4;3;0;14824;868;22;534;31;587
131728;Photo;7;5;8;1;3414;473;7;215;47;269
131728;Photo;7;4;10;1;95424;699;0;25;5;30
131728;Photo;7;4;3;0;14824;868;22;534;31;587
131728;Photo;7;5;8;1;3414;473;7;215;47;269
131728;Photo;7;4;10;1;95424;699;0;25;5;30
131728;Photo;7;4;3;0;14824;868;22;534;31;587
131728;Photo;7;5;8;1;3414;473;7;215;47;269
131808;Status;8;6;10;1;20168;3370;23;204;44;271
131808;Status;7;5;14;0;15296;2827;36;98;14;148
131808;Status;8;7;4;0;8260;997;1;143;27;171
131808;Photo;8;6;6;0;5046;528;18;46;7;71
131808;Status;8;6;10;1;20168;3370;23;204;44;271
131808;Status;7;5;14;0;15296;2827;36;98;14;148
131808;Status;8;7;4;0;8260;997;1;143;27;171
131808;Photo;8;6;6;0;5046;528;18;46;7;71
131808;Status;8;6;10;1;20168;3370;23;204;44;271
131808;Status;7;5;14;0;15296;2827;36;98;14;148
131808;Status;8;7;4;0;8260;997;1;143;27;171
131808;Photo;8;6;6;0;5046;528;18;46;7;71
131808;Status;8;6;10;1;20168;3370;23;204;44;271
131808;Status;7;5;14;0;15296;2827;36;98;14;148
131808;Status;8;7;4;0;8260;997;1;143;27;171
131808;Photo;8;6;6;0;5046;528;18;46;7;71
131956;Photo;8;3;10;0;28880;1062;4;72;18;94
131956;Status;8;2;12;0;14424;304;0;15;3;18
131956;Photo;8;2;7;0;14200;1393;7;148;39;194
131956;Photo;8;1;12;0;5746;769;0;104;13;117
131956;Photo;8;7;10;0;4324;548;11;202;5;218
131956;Photo;8;1;4;0;2540;389;1;40;8;49
131956;Photo;8;3;4;0;1330;363;1;71;17;89
131956;Photo;8;3;10;0;28880;1062;4;72;18;94
131956;Status;8;2;12;0;14424;304;0;15;3;18
131956;Photo;8;2;7;0;14200;1393;7;148;39;194
131956;Photo;8;1;12;0;5746;769;0;104;13;117
131956;Photo;8;7;10;0;4324;548;11;202;5;218
131956;Photo;8;1;4;0;2540;389;1;40;8;49
131956;Photo;8;3;4;0;1330;363;1;71;17;89
131956;Photo;8;3;10;0;28880;1062;4;72;18;94
131956;Status;8;2;12;0;14424;304;0;15;3;18
131956;Photo;8;2;7;0;14200;1393;7;148;39;194
131956;Photo;8;1;12;0;5746;769;0;104;13;117
131956;Photo;8;7;10;0;4324;548;11;202;5;218
131956;Photo;8;1;4;0;2540;389;1;40;8;49
131956;Photo;8;3;4;0;1330;363;1;71;17;89
131956;Photo;8;3;10;0;28880;1062;4;72;18;94
131956;Status;8;2;12;0;14424;304;0;15;3;18
131956;Photo;8;2;7;0;14200;1393;7;148;39;194
131956;Photo;8;1;12;0;5746;769;0;104;13;117
131956;Photo;8;7;10;0;4324;548;11;202;5;218
131956;Photo;8;1;4;0;2540;389;1;40;8;49
131956;Photo;8;3;4;0;1330;363;1;71;17;89
132201;Photo;8;1;3;0;50640;2240;0;78;16;94
132201;Photo;8;6;3;1;22120;979;1;71;23;95
132201;Photo;8;4;3;1;12728;844;0;62;10;72
132201;Photo;8;5;10;0;7980;630;0;19;5;24
132201;Photo;8;7;10;0;3734;529;5;57;5;67
132201;Photo;8;1;12;1;3254;371;0;23;2;25
132201;Photo;8;7;3;0;2594;347;11;129;12;152
132201;Photo;8;6;10;1;2232;376;103;469;33;605
132201;Photo;8;5;1;0;1659;345;14;102;9;125
132201;Photo;8;4;11;1;1006;277;1;34;4;39
132201;Photo;8;1;3;0;50640;2240;0;78;16;94
132201;Photo;8;6;3;1;22120;979;1;71;23;95
132201;Photo;8;4;3;1;12728;844;0;62;10;72
132201;Photo;8;5;10;0;7980;630;0;19;5;24
132201;Photo;8;7;10;0;3734;529;5;57;5;67
132201;Photo;8;1;12;1;3254;371;0;23;2;25
132201;Photo;8;7;3;0;2594;347;11;129;12;152
132201;Photo;8;6;10;1;2232;376;103;469;33;605
132201;Photo;8;5;1;0;1659;345;14;102;9;125
132201;Photo;8;4;11;1;1006;277;1;34;4;39
132201;Photo;8;1;3;0;50640;2240;0;78;16;94
132201;Photo;8;6;3;1;22120;979;1;71;23;95
132201;Photo;8;4;3;1;12728;844;0;62;10;72
132201;Photo;8;5;10;0;7980;630;0;19;5;24
132201;Photo;8;7;10;0;3734;529;5;57;5;67
132201;Photo;8;1;12;1;3254;371;0;23;2;25
132201;Photo;8;7;3;0;2594;347;11;129;12;152
132201;Photo;8;6;10;1;2232;376;103;469;33;605
132201;Photo;8;5;1;0;1659;345;14;102;9;125
132201;Photo;8;4;11;1;1006;277;1;34;4;39
132201;Photo;8;1;3;0;50640;2240;0;78;16;94
132201;Photo;8;6;3;1;22120;979;1;71;23;95
132201;Photo;8;4;3;1;12728;844;0;62;10;72
132201;Photo;8;5;10;0;7980;630;0;19;5;24
132201;Photo;8;7;10;0;3734;529;5;57;5;67
132201;Photo;8;1;12;1;3254;371;0;23;2;25
132201;Photo;8;7;3;0;2594;347;11;129;12;152
132201;Photo;8;6;10;1;2232;376;103;469;33;605
132201;Photo;8;5;1;0;1659;345;14;102;9;125
132201;Photo;8;4;11;1;1006;277;1;34;4;39
132817;Photo;8;2;10;0;72864;946;2;59;12;73
132817;Photo;8;4;10;0;33536;1954;1;72;16;89
132817;Status;8;3;2;1;9236;1151;5;54;7;66
132817;Photo;8;4;3;1;4204;498;5;141;26;172
132817;Photo;8;3;9;0;3376;428;5;93;19;117
132817;Photo;8;2;3;0;3358;394;0;72;21;93
132817;Photo;8;2;10;0;72864;946;2;59;12;73
132817;Photo;8;4;10;0;33536;1954;1;72;16;89
132817;Status;8;3;2;1;9236;1151;5;54;7;66
132817;Photo;8;4;3;1;4204;498;5;141;26;172
132817;Photo;8;3;9;0;3376;428;5;93;19;117
132817;Photo;8;2;3;0;3358;394;0;72;21;93
132817;Photo;8;2;10;0;72864;946;2;59;12;73
132817;Photo;8;4;10;0;33536;1954;1;72;16;89
132817;Status;8;3;2;1;9236;1151;5;54;7;66
132817;Photo;8;4;3;1;4204;498;5;141;26;172
132817;Photo;8;3;9;0;3376;428;5;93;19;117
132817;Photo;8;2;3;0;3358;394;0;72;21;93
132817;Photo;8;2;10;0;72864;946;2;59;12;73
132817;Photo;8;4;10;0;33536;1954;1;72;16;89
132817;Status;8;3;2;1;9236;1151;5;54;7;66
132817;Photo;8;4;3;1;4204;498;5;141;26;172
132817;Photo;8;3;9;0;3376;428;5;93;19;117
132817;Photo;8;2;3;0;3358;394;0;72;21;93
133451;Photo;8;4;9;1;1954;356;2;84;13;99
133451;Photo;8;4;9;1;1954;356;2;84;13;99
133451;Photo;8;4;9;1;1954;356;2;84;13;99
133451;Photo;8;4;9;1;1954;356;2;84;13;99
133594;Photo;8;7;3;0;34512;1666;2;208;28;238
133594;Photo;8;6;10;0;5282;703;4;154;26;184
133594;Photo;8;7;10;1;3934;512;0;22;3;25
133594;Photo;8;5;13;0;1920;365;3;65;14;82
133594;Photo;8;6;8;0;1809;399;8;107;20;135
133594;Photo;8;7;3;0;34512;1666;2;208;28;238
133594;Photo;8;6;10;0;5282;703;4;154;26;184
133594;Photo;8;7;10;1;3934;512;0;22;3;25
133594;Photo;8;5;13;0;1920;365;3;65;14;82
133594;Photo;8;6;8;0;1809;399;8;107;20;135
133594;Photo;8;7;3;0;34512;1666;2;208;28;238
133594;Photo;8;6;10;0;5282;703;4;154;26;184
133594;Photo;8;7;10;1;3934;512;0;22;3;25
133594;Photo;8;5;13;0;1920;365;3;65;14;82
133594;Photo;8;6;8;0;1809;399;8;107;20;135
133594;Photo;8;7;3;0;34512;1666;2;208;28;238
133594;Photo;8;6;10;0;5282;703;4;154;26;184
133594;Photo;8;7;10;1;3934;512;0;22;3;25
133594;Photo;8;5;13;0;1920;365;3;65;14;82
133594;Photo;8;6;8;0;1809;399;8;107;20;135
133679;Photo;8;1;10;0;19648;1359;4;330;29;363
133679;Photo;9;2;10;0;3100;518;0;14;1;15
133679;Photo;9;2;3;1;2360;436;11;231;43;285
133679;Photo;8;1;4;0;2295;377;12;148;28;188
133679;Photo;8;1;10;0;19648;1359;4;330;29;363
133679;Photo;9;2;10;0;3100;518;0;14;1;15
133679;Photo;9;2;3;1;2360;436;11;231;43;285
133679;Photo;8;1;4;0;2295;377;12;148;28;188
133679;Photo;8;1;10;0;19648;1359;4;330;29;363
133679;Photo;9;2;10;0;3100;518;0;14;1;15
133679;Photo;9;2;3;1;2360;436;11;231;43;285
133679;Photo;8;1;4;0;2295;377;12;148;28;188
133679;Photo;8;1;10;0;19648;1359;4;330;29;363
133679;Photo;9;2;10;0;3100;518;0;14;1;15
133679;Photo;9;2;3;1;2360;436;11;231;43;285
133679;Photo;8;1;4;0;2295;377;12;148;28;188
134879;Video;9;2;10;0;30624;2080;2;51;6;59
134879;Photo;9;3;10;0;14152;631;2;74;14;90
134879;Status;9;4;4;1;9124;1476;2;57;6;65
134879;Photo;9;3;2;1;4260;588;0;58;17;75
134879;Photo;9;1;6;0;4048;544;9;197;28;234
134879;Photo;9;2;3;0;2363;393;0;148;7;155
134879;Photo;9;7;4;1;2351;371;0;24;4;28
134879;Photo;9;1;10;0;2232;374;9;186;23;218
134879;Photo;9;7;10;0;1804;330;3;142;18;163
134879;Video;9;2;10;0;30624;2080;2;51;6;59
134879;Photo;9;3;10;0;14152;631;2;74;14;90
134879;Status;9;4;4;1;9124;1476;2;57;6;65
134879;Photo;9;3;2;1;4260;588;0;58;17;75
134879;Photo;9;1;6;0;4048;544;9;197;28;234
134879;Photo;9;2;3;0;2363;393;0;148;7;155
134879;Photo;9;7;4;1;2351;371;0;24;4;28
134879;Photo;9;1;10;0;2232;374;9;186;23;218
134879;Photo;9;7;10;0;1804;330;3;142;18;163
134879;Video;9;2;10;0;30624;2080;2;51;6;59
134879;Photo;9;3;10;0;14152;631;2;74;14;90
134879;Status;9;4;4;1;9124;1476;2;57;6;65
134879;Photo;9;3;2;1;4260;588;0;58;17;75
134879;Photo;9;1;6;0;4048;544;9;197;28;234
134879;Photo;9;2;3;0;2363;393;0;148;7;155
134879;Photo;9;7;4;1;2351;371;0;24;4;28
134879;Photo;9;1;10;0;2232;374;9;186;23;218
134879;Photo;9;7;10;0;1804;330;3;142;18;163
134879;Video;9;2;10;0;30624;2080;2;51;6;59
134879;Photo;9;3;10;0;14152;631;2;74;14;90
134879;Status;9;4;4;1;9124;1476;2;57;6;65
134879;Photo;9;3;2;1;4260;588;0;58;17;75
134879;Photo;9;1;6;0;4048;544;9;197;28;234
134879;Photo;9;2;3;0;2363;393;0;148;7;155
134879;Photo;9;7;4;1;2351;371;0;24;4;28
134879;Photo;9;1;10;0;2232;374;9;186;23;218
134879;Photo;9;7;10;0;1804;330;3;142;18;163
135195;Photo;9;6;3;1;22304;1805;20;199;32;251
135195;Status;9;1;10;0;21256;4840;7;139;34;180
135195;Status;9;6;10;1;13216;2675;3;97;22;122
135195;Photo;9;5;11;0;6208;644;1;79;17;97
135195;Photo;9;5;2;0;4518;626;2;33;10;45
135195;Photo;9;1;4;0;4484;545;20;1372;47;1439
135195;Photo;9;2;9;0;4480;572;0;36;5;41
135195;Photo;9;7;3;0;4398;584;18;168;49;235
135195;Photo;9;4;10;0;3582;537;2;180;44;226
135195;Photo;9;2;2;0;1543;360;2;67;14;83
135195;Photo;9;6;3;1;22304;1805;20;199;32;251
135195;Status;9;1;10;0;21256;4840;7;139;34;180
135195;Status;9;6;10;1;13216;2675;3;97;22;122
135195;Photo;9;5;11;0;6208;644;1;79;17;97
135195;Photo;9;5;2;0;4518;626;2;33;10;45
135195;Photo;9;1;4;0;4484;545;20;1372;47;1439
135195;Photo;9;2;9;0;4480;572;0;36;5;41
135195;Photo;9;7;3;0;4398;584;18;168;49;235
135195;Photo;9;4;10;0;3582;537;2;180;44;226
135195;Photo;9;2;2;0;1543;360;2;67;14;83
135195;Photo;9;6;3;1;22304;1805;20;199;32;251
135195;Status;9;1;10;0;21256;4840;7;139;34;180
135195;Status;9;6;10;1;13216;2675;3;97;22;122
135195;Photo;9;5;11;0;6208;644;1;79;17;97
135195;Photo;9;5;2;0;4518;626;2;33;10;45
135195;Photo;9;1;4;0;4484;545;20;1372;47;1439
135195;Photo;9;2;9;0;4480;572;0;36;5;41
135195;Photo;9;7;3;0;4398;584;18;168;49;235
135195;Photo;9;4;10;0;3582;537;2;180;44;226
135195;Photo;9;2;2;0;1543;360;2;67;14;83
135195;Photo;9;6;3;1;22304;1805;20;199;32;251
135195;Status;9;1;10;0;21256;4840;7;139;34;180
135195;Status;9;6;10;1;13216;2675;3;97;22;122
135195;Photo;9;5;11;0;6208;644;1;79;17;97
135195;Photo;9;5;2;0;4518;626;2;33;10;45
135195;Photo;9;1;4;0;4484;545;20;1372;47;1439
135195;Photo;9;2;9;0;4480;572;0;36;5;41
135195;Photo;9;7;3;0;4398;584;18;168;49;235
135195;Photo;9;4;10;0;3582;537;2;180;44;226
135195;Photo;9;2;2;0;1543;360;2;67;14;83
135428;Photo;9;3;10;0;41984;3370;1;107;26;134
135428;Photo;9;4;10;1;13856;519;0;64;20;84
135428;Photo;9;4;2;1;10748;892;4;79;16;99
135428;Photo;9;5;3;1;2790;435;2;72;9;83
135428;Photo;9;3;2;1;2522;455;0;50;10;60
135428;Photo;9;5;10;0;1060;266;16;617;58;691
135428;Photo;9;3;10;0;41984;3370;1;107;26;134
135428;Photo;9;4;10;1;13856;519;0;64;20;84
135428;Photo;9;4;2;1;10748;892;4;79;16;99
135428;Photo;9;5;3;1;2790;435;2;72;9;83
135428;Photo;9;3;2;1;2522;455;0;50;10;60
135428;Photo;9;5;10;0;1060;266;16;617;58;691
135428;Photo;9;3;10;0;41984;3370;1;107;26;134
135428;Photo;9;4;10;1;13856;519;0;64;20;84
135428;Photo;9;4;2;1;10748;892;4;79;16;99
135428;Photo;9;5;3;1;2790;435;2;72;9;83
135428;Photo;9;3;2;1;2522;455;0;50;10;60
135428;Photo;9;5;10;0;1060;266;16;617;58;691
135428;Photo;9;3;10;0;41984;3370;1;107;26;134
135428;Photo;9;4;10;1;13856;519;0;64;20;84
135428;Photo;9;4;2;1;10748;892;4;79;16;99
135428;Photo;9;5;3;1;2790;435;2;72;9;83
135428;Photo;9;3;2;1;2522;455;0;50;10;60
135428;Photo;9;5;10;0;1060;266;16;617;58;691
135617;Status;9;6;4;0;11096;1843;2;95;17;114
135617;Photo;9;7;9;0;9384;757;1;58;13;72
135617;Photo;9;6;10;0;7512;769;2;55;10;67
135617;Photo;9;7;3;0;3992;598;25;244;44;313
135617;Photo;9;1;3;1;2055;346;1;142;37;180
135617;Status;9;6;4;0;11096;1843;2;95;17;114
135617;Photo;9;7;9;0;9384;757;1;58;13;72
135617;Photo;9;6;10;0;7512;769;2;55;10;67
135617;Photo;9;7;3;0;3992;598;25;244;44;313
135617;Photo;9;1;3;1;2055;346;1;142;37;180
135617;Status;9;6;4;0;11096;1843;2;95;17;114
135617;Photo;9;7;9;0;9384;757;1;58;13;72
135617;Photo;9;6;10;0;7512;769;2;55;10;67
135617;Photo;9;7;3;0;3992;598;25;244;44;313
135617;Photo;9;1;3;1;2055;346;1;142;37;180
135617;Status;9;6;4;0;11096;1843;2;95;17;114
135617;Photo;9;7;9;0;9384;757;1;58;13;72
135617;Photo;9;6;10;0;7512;769;2;55;10;67
135617;Photo;9;7;3;0;3992;598;25;244;44;313
135617;Photo;9;1;3;1;2055;346;1;142;37;180
135700;Photo;9;1;10;0;5086;622;6;212;36;254
135700;Photo;9;2;11;0;3756;469;6;101;29;136
135700;Photo;9;2;2;0;2656;390;3;156;20;179
135700;Photo;9;3;7;0;1685;322;12;155;23;190
135700;Photo;9;1;10;0;5086;622;6;212;36;254
135700;Photo;9;2;11;0;3756;469;6;101;29;136
135700;Photo;9;2;2;0;2656;390;3;156;20;179
135700;Photo;9;3;7;0;1685;322;12;155;23;190
135700;Photo;9;1;10;0;5086;622;6;212;36;254
135700;Photo;9;2;11;0;3756;469;6;101;29;136
135700;Photo;9;2;2;0;2656;390;3;156;20;179
135700;Photo;9;3;7;0;1685;322;12;155;23;190
135700;Photo;9;1;10;0;5086;622;6;212;36;254
135700;Photo;9;2;11;0;3756;469;6;101;29;136
135700;Photo;9;2;2;0;2656;390;3;156;20;179
135700;Photo;9;3;7;0;1685;322;12;155;23;190
135713;Photo;10;6;4;0;39984;2105;12;138;38;188
135713;Status;10;7;4;0;10744;1967;3;148;16;167
135713;Photo;10;4;10;0;8612;813;2;98;18;118
135713;Photo;10;5;4;1;6564;806;45;1639;122;1806
135713;Photo;10;4;1;0;5568;746;37;821;90;948
135713;Photo;10;5;11;0;4010;477;25;307;58;390
135713;Link;10;6;11;1;3616;111;3;46;14;63
135713;Photo;10;7;10;0;2291;303;5;194;33;232
135713;Photo;10;6;4;0;39984;2105;12;138;38;188
135713;Status;10;7;4;0;10744;1967;3;148;16;167
135713;Photo;10;4;10;0;8612;813;2;98;18;118
135713;Photo;10;5;4;1;6564;806;45;1639;122;1806
135713;Photo;10;4;1;0;5568;746;37;821;90;948
135713;Photo;10;5;11;0;4010;477;25;307;58;390
135713;Link;10;6;11;1;3616;111;3;46;14;63
135713;Photo;10;7;10;0;2291;303;5;194;33;232
135713;Photo;10;6;4;0;39984;2105;12;138;38;188
135713;Status;10;7;4;0;10744;1967;3;148;16;167
135713;Photo;10;4;10;0;8612;813;2;98;18;118
135713;Photo;10;5;4;1;6564;806;45;1639;122;1806
135713;Photo;10;4;1;0;5568;746;37;821;90;948
135713;Photo;10;5;11;0;4010;477;25;307;58;390
135713;Link;10;6;11;1;3616;111;3;46;14;63
135713;Photo;10;7;10;0;2291;303;5;194;33;232
135713;Photo;10;6;4;0;39984;2105;12;138;38;188
135713;Status;10;7;4;0;10744;1967;3;148;16;167
135713;Photo;10;4;10;0;8612;813;2;98;18;118
135713;Photo;10;5;4;1;6564;806;45;1639;122;1806
135713;Photo;10;4;1;0;5568;746;37;821;90;948
135713;Photo;10;5;11;0;4010;477;25;307;58;390
135713;Link;10;6;11;1;3616;111;3;46;14;63
135713;Photo;10;7;10;0;2291;303;5;194;33;232
136013;Link;10;4;3;0;68992;1032;1;129;36;166
136013;Photo;10;2;3;1;50736;1462;25;256;54;335
136013;Status;10;3;2;1;31136;6164;3;72;24;99
136013;Photo;10;1;3;0;18120;421;2;267;40;309
136013;Photo;10;2;10;1;16776;714;1;144;29;174
136013;Status;10;3;10;0;13152;2543;0;87;18;105
136013;Status;10;5;3;0;8896;1480;6;210;39;255
136013;Photo;10;1;10;1;5324;528;4;400;25;429
136013;Photo;10;4;10;1;4018;428;3;155;32;190
136013;Photo;10;5;8;0;1080;210;4;166;33;203
136013;Link;10;4;3;0;68992;1032;1;129;36;166
136013;Photo;10;2;3;1;50736;1462;25;256;54;335
136013;Status;10;3;2;1;31136;6164;3;72;24;99
136013;Photo;10;1;3;0;18120;421;2;267;40;309
136013;Photo;10;2;10;1;16776;714;1;144;29;174
136013;Status;10;3;10;0;13152;2543;0;87;18;105
136013;Status;10;5;3;0;8896;1480;6;210;39;255
136013;Photo;10;1;10;1;5324;528;4;400;25;429
136013;Photo;10;4;10;1;4018;428;3;155;32;190
136013;Photo;10;5;8;0;1080;210;4;166;33;203
136013;Link;10;4;3;0;68992;1032;1;129;36;166
136013;Photo;10;2;3;1;50736;1462;25;256;54;335
136013;Status;10;3;2;1;31136;6164;3;72;24;99
136013;Photo;10;1;3;0;18120;421;2;267;40;309
136013;Photo;10;2;10;1;16776;714;1;144;29;174
136013;Status;10;3;10;0;13152;2543;0;87;18;105
136013;Status;10;5;3;0;8896;1480;6;210;39;255
136013;Photo;10;1;10;1;5324;528;4;400;25;429
136013;Photo;10;4;10;1;4018;428;3;155;32;190
136013;Photo;10;5;8;0;1080;210;4;166;33;203
136013;Link;10;4;3;0;68992;1032;1;129;36;166
136013;Photo;10;2;3;1;50736;1462;25;256;54;335
136013;Status;10;3;2;1;31136;6164;3;72;24;99
136013;Photo;10;1;3;0;18120;421;2;267;40;309
136013;Photo;10;2;10;1;16776;714;1;144;29;174
136013;Status;10;3;10;0;13152;2543;0;87;18;105
136013;Status;10;5;3;0;8896;1480;6;210;39;255
136013;Photo;10;1;10;1;5324;528;4;400;25;429
136013;Photo;10;4;10;1;4018;428;3;155;32;190
136013;Photo;10;5;8;0;1080;210;4;166;33;203
136393;Status;10;7;9;0;15816;2733;8;186;18;212
136393;Link;10;5;10;0;4664;204;51;1998;128;2177
136393;Photo;10;6;9;0;3906;868;2;152;11;165
136393;Photo;10;6;2;0;3690;424;0;286;30;316
136393;Photo;10;7;3;0;3366;474;8;236;51;295
136393;Photo;10;6;11;0;910;207;0;66;13;79
136393;Photo;10;6;6;0;861;214;7;38;11;56
136393;Photo;10;7;10;0;786;263;45;407;76;528
136393;Photo;10;6;12;0;754;206;17;447;123;587
136393;Photo;10;6;13;0;747;226;2;93;26;121
136393;Photo;10;7;5;0;677;236;0;59;16;75
136393;Photo;10;7;6;0;677;251;2;163;35;200
136393;Photo;10;6;9;0;659;199;4;41;9;54
136393;Photo;10;6;8;0;652;214;4;304;47;355
136393;Photo;10;6;13;0;645;195;12;138;39;189
136393;Photo;10;7;8;0;619;257;1;124;32;157
136393;Photo;10;7;7;0;617;229;9;194;33;236
136393;Photo;10;7;9;0;584;273;1;179;30;210
136393;Status;10;7;9;0;15816;2733;8;186;18;212
136393;Link;10;5;10;0;4664;204;51;1998;128;2177
136393;Photo;10;6;9;0;3906;868;2;152;11;165
136393;Photo;10;6;2;0;3690;424;0;286;30;316
136393;Photo;10;7;3;0;3366;474;8;236;51;295
136393;Photo;10;6;11;0;910;207;0;66;13;79
136393;Photo;10;6;6;0;861;214;7;38;11;56
136393;Photo;10;7;10;0;786;263;45;407;76;528
136393;Photo;10;6;12;0;754;206;17;447;123;587
136393;Photo;10;6;13;0;747;226;2;93;26;121
136393;Photo;10;7;5;0;677;236;0;59;16;75
136393;Photo;10;7;6;0;677;251;2;163;35;200
136393;Photo;10;6;9;0;659;199;4;41;9;54
136393;Photo;10;6;8;0;652;214;4;304;47;355
136393;Photo;10;6;13;0;645;195;12;138;39;189
136393;Photo;10;7;8;0;619;257;1;124;32;157
136393;Photo;10;7;7;0;617;229;9;194;33;236
136393;Photo;10;7;9;0;584;273;1;179;30;210
136393;Status;10;7;9;0;15816;2733;8;186;18;212
136393;Link;10;5;10;0;4664;204;51;1998;128;2177
136393;Photo;10;6;9;0;3906;868;2;152;11;165
136393;Photo;10;6;2;0;3690;424;0;286;30;316
136393;Photo;10;7;3;0;3366;474;8;236;51;295
136393;Photo;10;6;11;0;910;207;0;66;13;79
136393;Photo;10;6;6;0;861;214;7;38;11;56
136393;Photo;10;7;10;0;786;263;45;407;76;528
136393;Photo;10;6;12;0;754;206;17;447;123;587
136393;Photo;10;6;13;0;747;226;2;93;26;121
136393;Photo;10;7;5;0;677;236;0;59;16;75
136393;Photo;10;7;6;0;677;251;2;163;35;200
136393;Photo;10;6;9;0;659;199;4;41;9;54
136393;Photo;10;6;8;0;652;214;4;304;47;355
136393;Photo;10;6;13;0;645;195;12;138;39;189
136393;Photo;10;7;8;0;619;257;1;124;32;157
136393;Photo;10;7;7;0;617;229;9;194;33;236
136393;Photo;10;7;9;0;584;273;1;179;30;210
136393;Status;10;7;9;0;15816;2733;8;186;18;212
136393;Link;10;5;10;0;4664;204;51;1998;128;2177
136393;Photo;10;6;9;0;3906;868;2;152;11;165
136393;Photo;10;6;2;0;3690;424;0;286;30;316
136393;Photo;10;7;3;0;3366;474;8;236;51;295
136393;Photo;10;6;11;0;910;207;0;66;13;79
136393;Photo;10;6;6;0;861;214;7;38;11;56
136393;Photo;10;7;10;0;786;263;45;407;76;528
136393;Photo;10;6;12;0;754;206;17;447;123;587
136393;Photo;10;6;13;0;747;226;2;93;26;121
136393;Photo;10;7;5;0;677;236;0;59;16;75
136393;Photo;10;7;6;0;677;251;2;163;35;200
136393;Photo;10;6;9;0;659;199;4;41;9;54
136393;Photo;10;6;8;0;652;214;4;304;47;355
136393;Photo;10;6;13;0;645;195;12;138;39;189
136393;Photo;10;7;8;0;619;257;1;124;32;157
136393;Photo;10;7;7;0;617;229;9;194;33;236
136393;Photo;10;7;9;0;584;273;1;179;30;210
136642;Photo;10;7;12;0;32208;1810;0;112;14;126
136642;Photo;10;1;3;1;2227;369;5;140;38;183
136642;Photo;10;7;13;0;1592;370;2;92;28;122
136642;Photo;10;7;10;0;834;399;1;57;13;71
136642;Photo;10;7;12;1;813;323;4;37;3;44
136642;Photo;10;7;11;0;729;303;0;48;14;62
136642;Photo;10;7;12;0;32208;1810;0;112;14;126
136642;Photo;10;1;3;1;2227;369;5;140;38;183
136642;Photo;10;7;13;0;1592;370;2;92;28;122
136642;Photo;10;7;10;0;834;399;1;57;13;71
136642;Photo;10;7;12;1;813;323;4;37;3;44
136642;Photo;10;7;11;0;729;303;0;48;14;62
136642;Photo;10;7;12;0;32208;1810;0;112;14;126
136642;Photo;10;1;3;1;2227;369;5;140;38;183
136642;Photo;10;7;13;0;1592;370;2;92;28;122
136642;Photo;10;7;10;0;834;399;1;57;13;71
136642;Photo;10;7;12;1;813;323;4;37;3;44
136642;Photo;10;7;11;0;729;303;0;48;14;62
136642;Photo;10;7;12;0;32208;1810;0;112;14;126
136642;Photo;10;1;3;1;2227;369;5;140;38;183
136642;Photo;10;7;13;0;1592;370;2;92;28;122
136642;Photo;10;7;10;0;834;399;1;57;13;71
136642;Photo;10;7;12;1;813;323;4;37;3;44
136642;Photo;10;7;11;0;729;303;0;48;14;62
136736;Status;10;7;3;0;13872;2664;6;766;109;881
136736;Status;10;1;4;0;9504;1132;1;96;18;115
136736;Photo;10;6;4;0;2428;311;0;35;5;40
136736;Photo;10;7;9;0;2426;320;3;53;13;69
136736;Photo;10;6;10;0;1673;338;1;64;22;87
136736;Photo;10;6;8;0;1261;37;11;235;34;280
136736;Status;10;7;3;0;13872;2664;6;766;109;881
136736;Status;10;1;4;0;9504;1132;1;96;18;115
136736;Photo;10;6;4;0;2428;311;0;35;5;40
136736;Photo;10;7;9;0;2426;320;3;53;13;69
136736;Photo;10;6;10;0;1673;338;1;64;22;87
136736;Photo;10;6;8;0;1261;37;11;235;34;280
136736;Status;10;7;3;0;13872;2664;6;766;109;881
136736;Status;10;1;4;0;9504;1132;1;96;18;115
136736;Photo;10;6;4;0;2428;311;0;35;5;40
136736;Photo;10;7;9;0;2426;320;3;53;13;69
136736;Photo;10;6;10;0;1673;338;1;64;22;87
136736;Photo;10;6;8;0;1261;37;11;235;34;280
136736;Status;10;7;3;0;13872;2664;6;766;109;881
136736;Status;10;1;4;0;9504;1132;1;96;18;115
136736;Photo;10;6;4;0;2428;311;0;35;5;40
136736;Photo;10;7;9;0;2426;320;3;53;13;69
136736;Photo;10;6;10;0;1673;338;1;64;22;87
136736;Photo;10;6;8;0;1261;37;11;235;34;280
137020;Photo;10;2;4;0;70144;3216;2;97;25;124
137020;Photo;10;4;3;0;68896;2624;1;52;24;77
137020;Photo;10;4;10;0;12776;785;1;63;26;90
137020;Status;10;5;3;1;12468;2143;3;114;21;138
137020;Photo;10;1;11;0;3674;452;1;71;18;90
137020;Photo;10;2;11;1;2645;357;5;91;26;122
137020;Photo;10;3;10;0;1711;288;1;51;6;58
137020;Photo;10;3;4;0;1388;224;1;87;27;115
137020;Photo;10;4;9;1;1357;37;0;48;8;56
137020;Photo;10;2;4;0;70144;3216;2;97;25;124
137020;Photo;10;4;3;0;68896;2624;1;52;24;77
137020;Photo;10;4;10;0;12776;785;1;63;26;90
137020;Status;10;5;3;1;12468;2143;3;114;21;138
137020;Photo;10;1;11;0;3674;452;1;71;18;90
137020;Photo;10;2;11;1;2645;357;5;91;26;122
137020;Photo;10;3;10;0;1711;288;1;51;6;58
137020;Photo;10;3;4;0;1388;224;1;87;27;115
137020;Photo;10;4;9;1;1357;37;0;48;8;56
137020;Photo;10;2;4;0;70144;3216;2;97;25;124
137020;Photo;10;4;3;0;68896;2624;1;52;24;77
137020;Photo;10;4;10;0;12776;785;1;63;26;90
137020;Status;10;5;3;1;12468;2143;3;114;21;138
137020;Photo;10;1;11;0;3674;452;1;71;18;90
137020;Photo;10;2;11;1;2645;357;5;91;26;122
137020;Photo;10;3;10;0;1711;288;1;51;6;58
137020;Photo;10;3;4;0;1388;224;1;87;27;115
137020;Photo;10;4;9;1;1357;37;0;48;8;56
137020;Photo;10;2;4;0;70144;3216;2;97;25;124
137020;Photo;10;4;3;0;68896;2624;1;52;24;77
137020;Photo;10;4;10;0;12776;785;1;63;26;90
137020;Status;10;5;3;1;12468;2143;3;114;21;138
137020;Photo;10;1;11;0;3674;452;1;71;18;90
137020;Photo;10;2;11;1;2645;357;5;91;26;122
137020;Photo;10;3;10;0;1711;288;1;51;6;58
137020;Photo;10;3;4;0;1388;224;1;87;27;115
137020;Photo;10;4;9;1;1357;37;0;48;8;56
137059;Photo;11;2;3;0;24720;845;4;138;26;168
137059;Photo;11;1;3;0;4732;607;1;89;14;104
137059;Photo;10;6;10;0;3090;391;1;75;15;91
137059;Photo;11;2;11;1;2938;374;2;56;9;67
137059;Photo;10;5;11;0;2819;318;5;81;11;97
137059;Photo;11;7;4;0;2626;316;1;379;40;420
137059;Photo;11;7;9;0;2225;310;9;329;38;376
137059;Photo;11;1;9;0;2219;287;4;128;17;149
137059;Photo;10;6;3;0;1101;324;9;164;52;225
137059;Photo;11;2;3;0;24720;845;4;138;26;168
137059;Photo;11;1;3;0;4732;607;1;89;14;104
137059;Photo;10;6;10;0;3090;391;1;75;15;91
137059;Photo;11;2;11;1;2938;374;2;56;9;67
137059;Photo;10;5;11;0;2819;318;5;81;11;97
137059;Photo;11;7;4;0;2626;316;1;379;40;420
137059;Photo;11;7;9;0;2225;310;9;329;38;376
137059;Photo;11;1;9;0;2219;287;4;128;17;149
137059;Photo;10;6;3;0;1101;324;9;164;52;225
137059;Photo;11;2;3;0;24720;845;4;138;26;168
137059;Photo;11;1;3;0;4732;607;1;89;14;104
137059;Photo;10;6;10;0;3090;391;1;75;15;91
137059;Photo;11;2;11;1;2938;374;2;56;9;67
137059;Photo;10;5;11;0;2819;318;5;81;11;97
137059;Photo;11;7;4;0;2626;316;1;379;40;420
137059;Photo;11;7;9;0;2225;310;9;329;38;376
137059;Photo;11;1;9;0;2219;287;4;128;17;149
137059;Photo;10;6;3;0;1101;324;9;164;52;225
137059;Photo;11;2;3;0;24720;845;4;138;26;168
137059;Photo;11;1;3;0;4732;607;1;89;14;104
137059;Photo;10;6;10;0;3090;391;1;75;15;91
137059;Photo;11;2;11;1;2938;374;2;56;9;67
137059;Photo;10;5;11;0;2819;318;5;81;11;97
137059;Photo;11;7;4;0;2626;316;1;379;40;420
137059;Photo;11;7;9;0;2225;310;9;329;38;376
137059;Photo;11;1;9;0;2219;287;4;128;17;149
137059;Photo;10;6;3;0;1101;324;9;164;52;225
137177;Photo;11;1;10;0;22984;438;1;27;11;39
137177;Link;11;4;3;0;21176;330;0;61;13;74
137177;Status;11;7;3;0;8728;2295;8;109;3;120
137177;Status;11;5;2;0;6692;199;0;32;7;39
137177;Photo;11;6;10;0;5990;657;0;2;0;2
137177;Photo;11;6;3;0;4582;454;7;227;15;249
137177;Photo;11;3;10;0;4012;550;3;25;6;34
137177;Photo;11;7;12;0;3754;658;3;176;29;208
137177;Photo;11;5;10;1;2938;321;2;63;16;81
137177;Photo;11;4;9;1;2566;384;0;0;0;0
137177;Photo;11;3;3;0;1531;212;1;36;7;44
137177;Photo;11;1;3;0;1445;217;7;142;24;173
137177;Photo;11;1;10;0;22984;438;1;27;11;39
137177;Link;11;4;3;0;21176;330;0;61;13;74
137177;Status;11;7;3;0;8728;2295;8;109;3;120
137177;Status;11;5;2;0;6692;199;0;32;7;39
137177;Photo;11;6;10;0;5990;657;0;2;0;2
137177;Photo;11;6;3;0;4582;454;7;227;15;249
137177;Photo;11;3;10;0;4012;550;3;25;6;34
137177;Photo;11;7;12;0;3754;658;3;176;29;208
137177;Photo;11;5;10;1;2938;321;2;63;16;81
137177;Photo;11;4;9;1;2566;384;0;0;0;0
137177;Photo;11;3;3;0;1531;212;1;36;7;44
137177;Photo;11;1;3;0;1445;217;7;142;24;173
137177;Photo;11;1;10;0;22984;438;1;27;11;39
137177;Link;11;4;3;0;21176;330;0;61;13;74
137177;Status;11;7;3;0;8728;2295;8;109;3;120
137177;Status;11;5;2;0;6692;199;0;32;7;39
137177;Photo;11;6;10;0;5990;657;0;2;0;2
137177;Photo;11;6;3;0;4582;454;7;227;15;249
137177;Photo;11;3;10;0;4012;550;3;25;6;34
137177;Photo;11;7;12;0;3754;658;3;176;29;208
137177;Photo;11;5;10;1;2938;321;2;63;16;81
137177;Photo;11;4;9;1;2566;384;0;0;0;0
137177;Photo;11;3;3;0;1531;212;1;36;7;44
137177;Photo;11;1;3;0;1445;217;7;142;24;173
137177;Photo;11;1;10;0;22984;438;1;27;11;39
137177;Link;11;4;3;0;21176;330;0;61;13;74
137177;Status;11;7;3;0;8728;2295;8;109;3;120
137177;Status;11;5;2;0;6692;199;0;32;7;39
137177;Photo;11;6;10;0;5990;657;0;2;0;2
137177;Photo;11;6;3;0;4582;454;7;227;15;249
137177;Photo;11;3;10;0;4012;550;3;25;6;34
137177;Photo;11;7;12;0;3754;658;3;176;29;208
137177;Photo;11;5;10;1;2938;321;2;63;16;81
137177;Photo;11;4;9;1;2566;384;0;0;0;0
137177;Photo;11;3;3;0;1531;212;1;36;7;44
137177;Photo;11;1;3;0;1445;217;7;142;24;173
137893;Video;11;5;3;1;100768;2101;0;4;0;4
137893;Photo;11;5;10;1;39344;588;0;3;0;3
137893;Photo;11;3;2;1;37376;1150;0;6;0;6
137893;Video;11;3;11;0;13544;517;0;4;1;5
137893;Photo;11;4;2;1;11444;555;0;6;1;7
137893;Status;11;4;11;0;9056;1006;2;68;15;85
137893;Photo;11;6;3;0;3102;360;0;32;6;38
137893;Photo;11;3;2;0;1228;17;0;39;14;53
137893;Video;11;5;3;1;100768;2101;0;4;0;4
137893;Photo;11;5;10;1;39344;588;0;3;0;3
137893;Photo;11;3;2;1;37376;1150;0;6;0;6
137893;Video;11;3;11;0;13544;517;0;4;1;5
137893;Photo;11;4;2;1;11444;555;0;6;1;7
137893;Status;11;4;11;0;9056;1006;2;68;15;85
137893;Photo;11;6;3;0;3102;360;0;32;6;38
137893;Photo;11;3;2;0;1228;17;0;39;14;53
137893;Video;11;5;3;1;100768;2101;0;4;0;4
137893;Photo;11;5;10;1;39344;588;0;3;0;3
137893;Photo;11;3;2;1;37376;1150;0;6;0;6
137893;Video;11;3;11;0;13544;517;0;4;1;5
137893;Photo;11;4;2;1;11444;555;0;6;1;7
137893;Status;11;4;11;0;9056;1006;2;68;15;85
137893;Photo;11;6;3;0;3102;360;0;32;6;38
137893;Photo;11;3;2;0;1228;17;0;39;14;53
137893;Video;11;5;3;1;100768;2101;0;4;0;4
137893;Photo;11;5;10;1;39344;588;0;3;0;3
137893;Photo;11;3;2;1;37376;1150;0;6;0;6
137893;Video;11;3;11;0;13544;517;0;4;1;5
137893;Photo;11;4;2;1;11444;555;0;6;1;7
137893;Status;11;4;11;0;9056;1006;2;68;15;85
137893;Photo;11;6;3;0;3102;360;0;32;6;38
137893;Photo;11;3;2;0;1228;17;0;39;14;53
138185;Photo;11;7;3;1;53456;1576;1;28;7;36
138185;Photo;11;3;2;1;50912;630;0;0;0;0
138185;Photo;11;2;10;1;28752;802;0;136;13;149
138185;Photo;11;2;3;1;27216;541;12;211;14;237
138185;Photo;11;3;11;1;10940;417;4;213;13;230
138185;Photo;11;1;3;0;3416;356;16;127;0;143
138185;Photo;11;1;10;0;2352;232;11;95;4;110
138185;Photo;11;6;11;0;2168;211;1;15;1;17
138185;Photo;11;7;11;0;2149;197;0;2;0;2
138185;Photo;11;7;3;1;53456;1576;1;28;7;36
138185;Photo;11;3;2;1;50912;630;0;0;0;0
138185;Photo;11;2;10;1;28752;802;0;136;13;149
138185;Photo;11;2;3;1;27216;541;12;211;14;237
138185;Photo;11;3;11;1;10940;417;4;213;13;230
138185;Photo;11;1;3;0;3416;356;16;127;0;143
138185;Photo;11;1;10;0;2352;232;11;95;4;110
138185;Photo;11;6;11;0;2168;211;1;15;1;17
138185;Photo;11;7;11;0;2149;197;0;2;0;2
138185;Photo;11;7;3;1;53456;1576;1;28;7;36
138185;Photo;11;3;2;1;50912;630;0;0;0;0
138185;Photo;11;2;10;1;28752;802;0;136;13;149
138185;Photo;11;2;3;1;27216;541;12;211;14;237
138185;Photo;11;3;11;1;10940;417;4;213;13;230
138185;Photo;11;1;3;0;3416;356;16;127;0;143
138185;Photo;11;1;10;0;2352;232;11;95;4;110
138185;Photo;11;6;11;0;2168;211;1;15;1;17
138185;Photo;11;7;11;0;2149;197;0;2;0;2
138185;Photo;11;7;3;1;53456;1576;1;28;7;36
138185;Photo;11;3;2;1;50912;630;0;0;0;0
138185;Photo;11;2;10;1;28752;802;0;136;13;149
138185;Photo;11;2;3;1;27216;541;12;211;14;237
138185;Photo;11;3;11;1;10940;417;4;213;13;230
138185;Photo;11;1;3;0;3416;356;16;127;0;143
138185;Photo;11;1;10;0;2352;232;11;95;4;110
138185;Photo;11;6;11;0;2168;211;1;15;1;17
138185;Photo;11;7;11;0;2149;197;0;2;0;2
138329;Photo;11;4;3;1;27072;421;10;197;21;228
138329;Photo;11;1;3;1;25248;726;2;59;6;67
138329;Video;11;6;2;1;16416;459;6;88;24;118
138329;Photo;11;5;11;0;5812;343;1;62;10;73
138329;Photo;11;7;9;0;4894;355;0;48;20;68
138329;Photo;11;7;3;0;2935;237;1;55;7;63
138329;Photo;11;5;3;0;2545;165;10;664;97;771
138329;Photo;11;6;10;0;2425;260;2;32;15;49
138329;Photo;11;4;10;0;2257;230;1;76;9;86
138329;Photo;11;4;3;1;27072;421;10;197;21;228
138329;Photo;11;1;3;1;25248;726;2;59;6;67
138329;Video;11;6;2;1;16416;459;6;88;24;118
138329;Photo;11;5;11;0;5812;343;1;62;10;73
138329;Photo;11;7;9;0;4894;355;0;48;20;68
138329;Photo;11;7;3;0;2935;237;1;55;7;63
138329;Photo;11;5;3;0;2545;165;10;664;97;771
138329;Photo;11;6;10;0;2425;260;2;32;15;49
138329;Photo;11;4;10;0;2257;230;1;76;9;86
138329;Photo;11;4;3;1;27072;421;10;197;21;228
138329;Photo;11;1;3;1;25248;726;2;59;6;67
138329;Video;11;6;2;1;16416;459;6;88;24;118
138329;Photo;11;5;11;0;5812;343;1;62;10;73
138329;Photo;11;7;9;0;4894;355;0;48;20;68
138329;Photo;11;7;3;0;2935;237;1;55;7;63
138329;Photo;11;5;3;0;2545;165;10;664;97;771
138329;Photo;11;6;10;0;2425;260;2;32;15;49
138329;Photo;11;4;10;0;2257;230;1;76;9;86
138329;Photo;11;4;3;1;27072;421;10;197;21;228
138329;Photo;11;1;3;1;25248;726;2;59;6;67
138329;Video;11;6;2;1;16416;459;6;88;24;118
138329;Photo;11;5;11;0;5812;343;1;62;10;73
138329;Photo;11;7;9;0;4894;355;0;48;20;68
138329;Photo;11;7;3;0;2935;237;1;55;7;63
138329;Photo;11;5;3;0;2545;165;10;664;97;771
138329;Photo;11;6;10;0;2425;260;2;32;15;49
138329;Photo;11;4;10;0;2257;230;1;76;9;86
138353;Status;12;3;11;0;16576;3572;6;154;18;178
138353;Link;12;4;3;1;7968;206;1;22;6;29
138353;Photo;12;5;10;0;7268;2087;5;159;53;217
138353;Photo;12;4;11;0;4284;355;14;198;70;282
138353;Photo;12;2;11;0;3786;338;3;98;27;128
138353;Link;12;5;3;1;2645;134;4;49;15;68
138353;Link;12;3;2;0;1925;97;0;96;29;125
138353;Photo;11;1;9;0;1728;108;3;148;21;172
138353;Link;12;2;2;0;1536;84;6;234;26;266
138353;Status;12;3;11;0;16576;3572;6;154;18;178
138353;Link;12;4;3;1;7968;206;1;22;6;29
138353;Photo;12;5;10;0;7268;2087;5;159;53;217
138353;Photo;12;4;11;0;4284;355;14;198;70;282
138353;Photo;12;2;11;0;3786;338;3;98;27;128
138353;Link;12;5;3;1;2645;134;4;49;15;68
138353;Link;12;3;2;0;1925;97;0;96;29;125
138353;Photo;11;1;9;0;1728;108;3;148;21;172
138353;Link;12;2;2;0;1536;84;6;234;26;266
138353;Status;12;3;11;0;16576;3572;6;154;18;178
138353;Link;12;4;3;1;7968;206;1;22;6;29
138353;Photo;12;5;10;0;7268;2087;5;159;53;217
138353;Photo;12;4;11;0;4284;355;14;198;70;282
138353;Photo;12;2;11;0;3786;338;3;98;27;128
138353;Link;12;5;3;1;2645;134;4;49;15;68
138353;Link;12;3;2;0;1925;97;0;96;29;125
138353;Photo;11;1;9;0;1728;108;3;148;21;172
138353;Link;12;2;2;0;1536;84;6;234;26;266
138353;Status;12;3;11;0;16576;3572;6;154;18;178
138353;Link;12;4;3;1;7968;206;1;22;6;29
138353;Photo;12;5;10;0;7268;2087;5;159;53;217
138353;Photo;12;4;11;0;4284;355;14;198;70;282
138353;Photo;12;2;11;0;3786;338;3;98;27;128
138353;Link;12;5;3;1;2645;134;4;49;15;68
138353;Link;12;3;2;0;1925;97;0;96;29;125
138353;Photo;11;1;9;0;1728;108;3;148;21;172
138353;Link;12;2;2;0;1536;84;6;234;26;266
138414;Photo;12;2;12;1;53264;1706;5;264;36;305
138414;Photo;12;4;5;1;22784;887;1;200;37;238
138414;Status;12;3;10;0;10060;1264;3;47;21;71
138414;Status;12;6;10;0;8488;1341;4;128;38;170
138414;Status;12;2;3;0;3930;130;9;268;36;313
138414;Link;12;7;10;0;3454;118;8;134;34;176
138414;Photo;12;1;3;0;2848;200;19;214;78;311
138414;Photo;12;7;3;0;2723;176;5;79;11;95
138414;Photo;12;3;3;0;1722;163;146;1546;181;1873
138414;Photo;12;1;11;0;1591;121;2;129;32;163
138414;Photo;12;7;10;0;1384;15;5;128;32;165
138414;Photo;12;2;12;1;53264;1706;5;264;36;305
138414;Photo;12;4;5;1;22784;887;1;200;37;238
138414;Status;12;3;10;0;10060;1264;3;47;21;71
138414;Status;12;6;10;0;8488;1341;4;128;38;170
138414;Status;12;2;3;0;3930;130;9;268;36;313
138414;Link;12;7;10;0;3454;118;8;134;34;176
138414;Photo;12;1;3;0;2848;200;19;214;78;311
138414;Photo;12;7;3;0;2723;176;5;79;11;95
138414;Photo;12;3;3;0;1722;163;146;1546;181;1873
138414;Photo;12;1;11;0;1591;121;2;129;32;163
138414;Photo;12;7;10;0;1384;15;5;128;32;165
138414;Photo;12;2;12;1;53264;1706;5;264;36;305
138414;Photo;12;4;5;1;22784;887;1;200;37;238
138414;Status;12;3;10;0;10060;1264;3;47;21;71
138414;Status;12;6;10;0;8488;1341;4;128;38;170
138414;Status;12;2;3;0;3930;130;9;268;36;313
138414;Link;12;7;10;0;3454;118;8;134;34;176
138414;Photo;12;1;3;0;2848;200;19;214;78;311
138414;Photo;12;7;3;0;2723;176;5;79;11;95
138414;Photo;12;3;3;0;1722;163;146;1546;181;1873
138414;Photo;12;1;11;0;1591;121;2;129;32;163
138414;Photo;12;7;10;0;1384;15;5;128;32;165
138414;Photo;12;2;12;1;53264;1706;5;264;36;305
138414;Photo;12;4;5;1;22784;887;1;200;37;238
138414;Status;12;3;10;0;10060;1264;3;47;21;71
138414;Status;12;6;10;0;8488;1341;4;128;38;170
138414;Status;12;2;3;0;3930;130;9;268;36;313
138414;Link;12;7;10;0;3454;118;8;134;34;176
138414;Photo;12;1;3;0;2848;200;19;214;78;311
138414;Photo;12;7;3;0;2723;176;5;79;11;95
138414;Photo;12;3;3;0;1722;163;146;1546;181;1873
138414;Photo;12;1;11;0;1591;121;2;129;32;163
138414;Photo;12;7;10;0;1384;15;5;128;32;165
138458;Status;12;5;11;0;19552;2806;7;160;57;224
138458;Status;12;6;3;0;8284;1521;4;114;13;131
138458;Photo;12;5;3;0;2478;212;10;193;61;264
138458;Status;12;5;11;0;19552;2806;7;160;57;224
138458;Status;12;6;3;0;8284;1521;4;114;13;131
138458;Photo;12;5;3;0;2478;212;10;193;61;264
138458;Status;12;5;11;0;19552;2806;7;160;57;224
138458;Status;12;6;3;0;8284;1521;4;114;13;131
138458;Photo;12;5;3;0;2478;212;10;193;61;264
138458;Status;12;5;11;0;19552;2806;7;160;57;224
138458;Status;12;6;3;0;8284;1521;4;114;13;131
138458;Photo;12;5;3;0;2478;212;10;193;61;264
138895;Video;12;4;11;1;36208;1141;3;187;36;226
138895;Photo;12;7;10;1;19800;479;2;69;26;97
138895;Link;12;6;3;1;18480;517;0;12;2;14
138895;Status;12;7;9;0;17576;5352;2;82;24;108
138895;Status;12;6;11;0;13280;2055;0;5;2;7
138895;Photo;12;5;3;0;9560;973;1;101;5;107
138895;Photo;12;3;3;0;5280;368;7;579;47;633
138895;Photo;12;4;2;0;4940;385;56;360;99;515
138895;Photo;12;1;11;0;4512;423;7;84;36;127
138895;Photo;12;2;3;0;3766;298;0;65;19;84
138895;Photo;12;7;3;0;3290;306;1;74;31;106
138895;Photo;12;2;9;0;3002;268;0;73;13;86
138895;Photo;12;1;3;0;2690;252;4;136;42;182
138895;Photo;12;3;10;0;1683;192;0;46;15;61
138895;Video;12;4;11;1;36208;1141;3;187;36;226
138895;Photo;12;7;10;1;19800;479;2;69;26;97
138895;Link;12;6;3;1;18480;517;0;12;2;14
138895;Status;12;7;9;0;17576;5352;2;82;24;108
138895;Status;12;6;11;0;13280;2055;0;5;2;7
138895;Photo;12;5;3;0;9560;973;1;101;5;107
138895;Photo;12;3;3;0;5280;368;7;579;47;633
138895;Photo;12;4;2;0;4940;385;56;360;99;515
138895;Photo;12;1;11;0;4512;423;7;84;36;127
138895;Photo;12;2;3;0;3766;298;0;65;19;84
138895;Photo;12;7;3;0;3290;306;1;74;31;106
138895;Photo;12;2;9;0;3002;268;0;73;13;86
138895;Photo;12;1;3;0;2690;252;4;136;42;182
138895;Photo;12;3;10;0;1683;192;0;46;15;61
138895;Video;12;4;11;1;36208;1141;3;187;36;226
138895;Photo;12;7;10;1;19800;479;2;69;26;97
138895;Link;12;6;3;1;18480;517;0;12;2;14
138895;Status;12;7;9;0;17576;5352;2;82;24;108
138895;Status;12;6;11;0;13280;2055;0;5;2;7
138895;Photo;12;5;3;0;9560;973;1;101;5;107
138895;Photo;12;3;3;0;5280;368;7;579;47;633
138895;Photo;12;4;2;0;4940;385;56;360;99;515
138895;Photo;12;1;11;0;4512;423;7;84;36;127
138895;Photo;12;2;3;0;3766;298;0;65;19;84
138895;Photo;12;7;3;0;3290;306;1;74;31;106
138895;Photo;12;2;9;0;3002;268;0;73;13;86
138895;Photo;12;1;3;0;2690;252;4;136;42;182
138895;Photo;12;3;10;0;1683;192;0;46;15;61
138895;Video;12;4;11;1;36208;1141;3;187;36;226
138895;Photo;12;7;10;1;19800;479;2;69;26;97
138895;Link;12;6;3;1;18480;517;0;12;2;14
138895;Status;12;7;9;0;17576;5352;2;82;24;108
138895;Status;12;6;11;0;13280;2055;0;5;2;7
138895;Photo;12;5;3;0;9560;973;1;101;5;107
138895;Photo;12;3;3;0;5280;368;7;579;47;633
138895;Photo;12;4;2;0;4940;385;56;360;99;515
138895;Photo;12;1;11;0;4512;423;7;84;36;127
138895;Photo;12;2;3;0;3766;298;0;65;19;84
138895;Photo;12;7;3;0;3290;306;1;74;31;106
138895;Photo;12;2;9;0;3002;268;0;73;13;86
138895;Photo;12;1;3;0;2690;252;4;136;42;182
138895;Photo;12;3;10;0;1683;192;0;46;15;61
139441;Photo;12;2;10;1;50128;2211;0;91;28;119
139441;Status;12;5;10;0;21744;4258;7;91;38;136
139441;Photo;12;7;9;1;13720;537;4;93;18;115
139441;Status;12;7;3;0;11844;1530;0;53;22;75
139441;Photo;12;1;3;1;11692;481;17;185;55;257
139441;Status;12;1;9;0;10472;1191;10;125;41;176
139441;Status;12;3;10;0;10460;1457;5;53;26;84
139441;Photo;12;2;3;0;7244;671;0;128;9;137
139441;Photo;12;6;10;0;4694;280;21;277;80;378
139441;Photo;12;5;10;0;3112;208;1;105;46;152
139441;Photo;12;5;10;0;2847;193;1;79;30;110
139441;Photo;12;4;3;0;2752;178;2;56;25;83
139441;Photo;12;5;3;0;2549;249;1;44;21;66
139441;Photo;12;3;3;0;2413;177;1;74;28;103
139441;Photo;12;2;10;1;50128;2211;0;91;28;119
139441;Status;12;5;10;0;21744;4258;7;91;38;136
139441;Photo;12;7;9;1;13720;537;4;93;18;115
139441;Status;12;7;3;0;11844;1530;0;53;22;75
139441;Photo;12;1;3;1;11692;481;17;185;55;257
139441;Status;12;1;9;0;10472;1191;10;125;41;176
139441;Status;12;3;10;0;10460;1457;5;53;26;84
139441;Photo;12;2;3;0;7244;671;0;128;9;137
139441;Photo;12;6;10;0;4694;280;21;277;80;378
139441;Photo;12;5;10;0;3112;208;1;105;46;152
139441;Photo;12;5;10;0;2847;193;1;79;30;110
139441;Photo;12;4;3;0;2752;178;2;56;25;83
139441;Photo;12;5;3;0;2549;249;1;44;21;66
139441;Photo;12;3;3;0;2413;177;1;74;28;103
139441;Photo;12;2;10;1;50128;2211;0;91;28;119
139441;Status;12;5;10;0;21744;4258;7;91;38;136
139441;Photo;12;7;9;1;13720;537;4;93;18;115
139441;Status;12;7;3;0;11844;1530;0;53;22;75
139441;Photo;12;1;3;1;11692;481;17;185;55;257
139441;Status;12;1;9;0;10472;1191;10;125;41;176
139441;Status;12;3;10;0;10460;1457;5;53;26;84
139441;Photo;12;2;3;0;7244;671;0;128;9;137
139441;Photo;12;6;10;0;4694;280;21;277;80;378
139441;Photo;12;5;10;0;3112;208;1;105;46;152
139441;Photo;12;5;10;0;2847;193;1;79;30;110
139441;Photo;12;4;3;0;2752;178;2;56;25;83
139441;Photo;12;5;3;0;2549;249;1;44;21;66
139441;Photo;12;3;3;0;2413;177;1;74;28;103
139441;Photo;12;2;10;1;50128;2211;0;91;28;119
139441;Status;12;5;10;0;21744;4258;7;91;38;136
139441;Photo;12;7;9;1;13720;537;4;93;18;115
139441;Status;12;7;3;0;11844;1530;0;53;22;75
139441;Photo;12;1;3;1;11692;481;17;185;55;257
139441;Status;12;1;9;0;10472;1191;10;125;41;176
139441;Status;12;3;10;0;10460;1457;5;53;26;84
139441;Photo;12;2;3;0;7244;671;0;128;9;137
139441;Photo;12;6;10;0;4694;280;21;277;80;378
139441;Photo;12;5;10;0;3112;208;1;105;46;152
139441;Photo;12;5;10;0;2847;193;1;79;30;110
139441;Photo;12;4;3;0;2752;178;2;56;25;83
139441;Photo;12;5;3;0;2549;249;1;44;21;66
139441;Photo;12;3;3;0;2413;177;1;74;28;103
